0xb1C2a97F0daa7adcD5EEE963aa020AfD10CAa7F5,29834194;;;;;;;;;;;
0x6977f4dd1a963a59c2f6fb9ae74a025c7569eb52,21218088;;;;;;;;;;;
0xdfde8e1fbeddeed84c04f94a8042e6316a4f5f56,20121656;;;;;;;;;;;
0x4CAaDA50B2F4F82029000805b5fbb7788f58F92E,20000000;;;;;;;;;;;
0x4caada50b2f4f82029000805b5fbb7788f58f92e,18243997;;;;;;;;;;;
0x03efE1330671a84f8682c7a7B622e5c645058695,17376703;;;;;;;;;;;
0x56e99bAedd33C32d3917b63200F8865Cfa81A3c2,15357270;;;;;;;;;;;
0xfefdf6d36d4237bea6261f79c899faf1a97bded6,15215970;;;;;;;;;;;
0x266bcffce206616c6ff7ba5d9d23be58b1b5defb,13661200;;;;;;;;;;;
0xB3e00cB4Ed13bbf09629FB32dB6745fD43a60FEB,12372476;;;;;;;;;;;
0x1aaD1a7710E4Ef245aa6507563c9F50eB37E0536,12068900;;;;;;;;;;;
0x8f253330216a6835b28fc9ea160f160e7fdf9d2f,12049682;;;;;;;;;;;
0x20dF053Fe88dFc4061F384Bc23C2aBA618D18516,11326771;;;;;;;;;;;
0xb1188735e86c159ffe2de01f53e4318d4a66cab5,10929069;;;;;;;;;;;
0xd435a050d8e110b1e2e656fe1d5714b43646630d,10799600;;;;;;;;;;;
0xd13e38a3df1e959f7dfaed49b12b096a32c7c1a5,10783383;;;;;;;;;;;
0x817c05d303d890e0fef4258e28bdc87053bc2ff8,10028666;;;;;;;;;;;
0xde40566e984f6037e4da5151312e07a46d21c6a8,9898000;;;;;;;;;;;
0x8973aeb98d41babad1f7d67433588c807fa20f53,9208607;;;;;;;;;;;
0x80E5c9A3970eF444004bD83a913aBa8B75b92F9e,9000000;;;;;;;;;;;
0xa73DA0895679D8c8F39B6010Ee2e32f4d814B839,8862668;;;;;;;;;;;
0x20904c54c4c6e8a8f7067ba9c9e0d60c65f05dca,8744733;;;;;;;;;;;
0x5f9af8663d604feef190e2032e6019c616569e5f,8499486;;;;;;;;;;;
0x0c42AD3ab4402A825C480BD5f4411c8229c5877f,8203549;;;;;;;;;;;
0x5AF47189B1353c8b8B39b176480446D6b34922e4,8034143;;;;;;;;;;;
0xa98fa3edb288e1f101352890cce962a610fe2467,7967133;;;;;;;;;;;
0xA1952CC22AEe50533B5CA60eB7C97fe735CB3Aff,7680321;;;;;;;;;;;
0x15945e30BC21683800149FF7BBBECd4fEe11E43E,7450645;;;;;;;;;;;
0xABd3645C00cFab1fD21c1Aaf60960C9FF69aD4eC,7285397;;;;;;;;;;;
0xb2ffd99143b06c74261bfe931b50be36520ee620,6652300;;;;;;;;;;;
0xd2b56e0b8168f528f8f5555ecf50a84d4acb5327,5811400;;;;;;;;;;;
0x84bbfcddcf705322cdafc383fb83b4f0a9414c12,5731253;;;;;;;;;;;
0xb1c2a97f0daa7adcd5eee963aa020afd10caa7f5,5611869;;;;;;;;;;;
0xBE5feF3FD32710BE6E7c94223C9619b6c40AED29,5519636;;;;;;;;;;;
0x8e8dF192bb0274c4A6435E9A44ED692EDd83A60F,5310583;;;;;;;;;;;
0x84bb448afdf2b8edc13fa340b63e8f03485b5e14,5247055;;;;;;;;;;;
0x11c6cb773666235e29067571415b2f19949e9b9b,5194000;;;;;;;;;;;
0xB8236D0E6e0cF939DD6AFac65dF0E55CAf35C41F,5169304;;;;;;;;;;;
0x4b4157f647714f7301bfdf995d6d2c16ae77a3a4,5065328;;;;;;;;;;;
0xdb6d7e757fa8183b50c8f5a13cb7bc1aeaa201cb,5018349;;;;;;;;;;;
0x6f55548c6676f62bcaf8e8d3bda2378ae8271c50,5003330;;;;;;;;;;;
0x574d2845197e407de6fbe989dcebcf19dc16a63d,5000000;;;;;;;;;;;
0xe44ebcae1d993543f53fd4253ef6194df682cc13,4997732;;;;;;;;;;;
0xdc8b1f3dfeda8a2b4dd6177bcbd0c787d81af861,4937111;;;;;;;;;;;
0x2b3feba1a31fbcf27286156eeb48bcd5643761c1,4643211;;;;;;;;;;;
0x4ee1005429614364eaf49d1f3d983fbe767d1159,4418013;;;;;;;;;;;
0xaab033ce4d7e7bb2927ca8d1786f77233bff7056,4312000;;;;;;;;;;;
0x8eda189830a3eb338b46c7c6b073ee8745e5dc3f,4223800;;;;;;;;;;;
0xb5fb1e32aabe03eecac0a17c22ad6e0fc1e0250c,4183675;;;;;;;;;;;
0x7abc93e72c14f2a9543a6480ba940dd0baeccd90,4167649;;;;;;;;;;;
0xe1606d1bd96000849b00a41ecb78b5dfa481ad4d,4104673;;;;;;;;;;;
0x52ecd990209b24c427f744de4dd7abfdc36264ca,4086277;;;;;;;;;;;
0x25FCe2996FC3f2711e3a8dDd5B3700cdbB19c2Da,4035459;;;;;;;;;;;
0x176128780c73D2ea76e6F5BAEdf834CC23A5b167,3859314;;;;;;;;;;;
0x71389C60d655240f130DBF2CA4F9Bf565ccD162b,3846520;;;;;;;;;;;
0x5f61ab9647ea6e0462059dc9382743bbb899ae9b,3821208;;;;;;;;;;;
0xb69c9d444d12f52b9419578db2a431f92c02d4bd,3355372;;;;;;;;;;;
0x2c5959b72c1573c24776f2652fca4179a30480d1,3332000;;;;;;;;;;;
0x9709bb62a17fd8e4e0ecebd7c8271ebf7f14b435,3252307;;;;;;;;;;;
0x4b63cba00ecf830fc3d0207f5c6382c6e2bcee7e,3214940;;;;;;;;;;;
0x8fe59edc52965c8928b0c8611e82894f1937cb70,3206283;;;;;;;;;;;
0x6b75d8af000000e20b7a7ddf000ba900b4009a80,3063952;;;;;;;;;;;
0x4794bb37d57d3acc6756fb1fa0e4b61bfaaaeab4,3037912;;;;;;;;;;;
0x55fef7c3829c553df11692cb433729d10dc9ea72,3011670;;;;;;;;;;;
0x67bc1c4747154eb5f19848132759c44ee03b496c,3003700;;;;;;;;;;;
0x3e96b2967ea1ebbb1cfc312c0d88b154f00e9550,3003700;;;;;;;;;;;
0xc98c18e8692ad04670a15849063ac3fe0cfbe902,2985168;;;;;;;;;;;
0x8e3d9383a7d68226af26ba2e333dda1ca7a7c8e7,2954912;;;;;;;;;;;
0x537d05b24b1b2fd123d4f1d75a17d1f6f53bae47,2848663;;;;;;;;;;;
0xbd863153a4666353baf0c679adf498f83954361c,2787316;;;;;;;;;;;
0x610f6389dfc5482abee0abd9bb7443b2b6c56388,2713243;;;;;;;;;;;
0xdd2aa8160a0b4eda263a1ca4674576f06e4533a9,2509486;;;;;;;;;;;
0xE7AA370225D58770C62aC9FE73B2fa6D49c5D876,2500000;;;;;;;;;;;
0xe8Edc72860Fc7a7194b9162983303F32be579498,2500000;;;;;;;;;;;
0xf907ddfC292385387775A6b81a33378f7364CfcD,2500000;;;;;;;;;;;
0x4720eAFDA9b5a7fCFAfe04c4Dd77c5053896a6AF,2500000;;;;;;;;;;;
0x0a9feA6FF63C0e2294F7Afb18c06De7E41aBF70e,2500000;;;;;;;;;;;
0x9942a9eEFe8C905E3BEA8176C8059280d4918bAD,2500000;;;;;;;;;;;
0x593Db8Be524a6c090830422a9882a47B53f1C2BA,2500000;;;;;;;;;;;
0x215ebbd1886F8420bb2397Fd76d891aa2B8A576d,2500000;;;;;;;;;;;
0x35499091C5A462a38d4A89dFf21D2Ee127CeE092,2500000;;;;;;;;;;;
0x62BDBcD994e34da4f63910aa1AAef95Bc5b775b9,2500000;;;;;;;;;;;
0xc22C4EB54122c578Df2e4aD5AC2B475B265f9661,2500000;;;;;;;;;;;
0xeaA637D32815b98453c9c9D20d1e2Ec0b5C28334,2500000;;;;;;;;;;;
0xdb8358236f89506ba81dcf95fff9f0db13a3fa42,2469437;;;;;;;;;;;
0xbc47b0a05522ee0e307744e1177d540971169bc6,2370835;;;;;;;;;;;
0x12f4378c7e1cf79bf4763b1975bd382cc5b15566,2328152;;;;;;;;;;;
0xbc91416344d38902943c8a9f4615c0C6133BE645,2309183;;;;;;;;;;;
0x0c8fcc3d3d31ae6dcf7cf9f23bac7b669c72c3d8,2307959;;;;;;;;;;;
0x2349dc9d75de702f92c75bffccac40c82ef8ef70,2300836;;;;;;;;;;;
0x026f92e47dfee9c9872b5250890f8fe060b847d7,2223173;;;;;;;;;;;
0x9dd0d6d973630b4047a6d59c0a3f1ad7a70b23f8,2216913;;;;;;;;;;;
0x5e7616e893c0ac5a079cacfb566092b22e29c0b8,2200932;;;;;;;;;;;
0x9F787AE97117BB315F66e03103490CfBad53CCE7,2200000;;;;;;;;;;;
0x9ff96a44e12c2de0a9bf162749c0f601cfadb472,2156000;;;;;;;;;;;
0x5F61aB9647EA6e0462059Dc9382743bbB899aE9b,2155658;;;;;;;;;;;
0x03770b07C5C315722c5866E64CDe04e6e5793714,2132661;;;;;;;;;;;
0x3fc68eedc9e79e2539e210c85ffd663596d5cab7,2109073;;;;;;;;;;;
0x79f6f71820ae6154d63c887e86eb9102f95ebc50,2092032;;;;;;;;;;;
0x5f1111cf0e5bad7c2f75a1c53caff23e43683ab9,2065908;;;;;;;;;;;
0xa705290e488a2ca3cc36a1f674c6c267d5cba2c7,2062656;;;;;;;;;;;
0xa21f7b65e18c4dc349e5c237d19e7047cd450f75,2002731;;;;;;;;;;;
0x51060f433795756bfefd0f9781523c7618b44772,1990000;;;;;;;;;;;
0x01f3ae390aed9b6694b18f2bbe6a604d66999117,1957755;;;;;;;;;;;
0x0a68cd8f69ceb7dc6e80e2138b8abf6840d30550,1927842;;;;;;;;;;;
0x0e4a45052f6c0af2b55b37d29bf0151c2dc0b636,1763918;;;;;;;;;;;
0x4b163c481cd0d46f708b82a674ee5f6dc0d91402,1600000;;;;;;;;;;;
0x68e491141e4fc4e394b953ed9f1e04bce8f739af,1567999;;;;;;;;;;;
0xa75fd36e8e0c9de45236d022808742f55d191726,1556918;;;;;;;;;;;
0x1b80d4f91f0ab91e51565bc2aafc001037053151,1523117;;;;;;;;;;;
0xa85FB01AD5b36A544CC3Aff184e33e59f3d3b409,1500000;;;;;;;;;;;
0x10e052e5c83557f0efd46e888a56e06893b0b14e,1472459;;;;;;;;;;;
0xdd81b7716bbf1859c48d5cad1fd7d26eaed3ff12,1471623;;;;;;;;;;;
0x379C98338990EB66d2F1764BB4E69B85214C2568,1466081;;;;;;;;;;;
0x3cf0d7198013af733790f699fbeb9390ad877c0c,1464559;;;;;;;;;;;
0xb863769e618825A4650BFb5ae8bF022bB92AD7E6,1461864;;;;;;;;;;;
0x2aedcfc4854b55b61539a756e31740aa4f0a9f9b,1439544;;;;;;;;;;;
0xd178d3c331539d3587eeb5e87fcf86e5a990585b,1434350;;;;;;;;;;;
0x2280937c7fe68fedeab48608d27793cf19a17622,1432456;;;;;;;;;;;
0xd723c9c5c2b5a1d70a1c7d3deaeb1987c48dd352,1416383;;;;;;;;;;;
0x17c06b41aA84C6c0247FcD737898ff50127355cF,1414257;;;;;;;;;;;
0xcfd24ae10bc8da80bac70a0efcd25d5786868ab7,1367528;;;;;;;;;;;
0x2fe25971490f8e774a18210738ecc63d549c0565,1345406;;;;;;;;;;;
0x30ce1805a984a2fa58bb050a88f0f0f023cb13f6,1344560;;;;;;;;;;;
0xf6Fdea1D00ae549592A85b13Bcbc109769B4E003,1290000;;;;;;;;;;;
0x4757dd78054a7be4fe1c7d4e26c5de5e957532a6,1262719;;;;;;;;;;;
0x1eeb302db8c344bb7e0d636052c063ecd7ad0f0b,1244079;;;;;;;;;;;
0x8b73666ee97c105fa923fb30391e35028203d8af,1226736;;;;;;;;;;;
0xb4b6a21f13f4db3bb2493ae8f7904d7f2e7de2c8,1218096;;;;;;;;;;;
0x60a9a076bf6a68a8b91cc571da367f699b4daa14,1205400;;;;;;;;;;;
0x2b811db2aa370c57ea44ce5d6d66d84d9d31735f,1158386;;;;;;;;;;;
0x957766c267e68076835be10b423522988eef4c57,1141577;;;;;;;;;;;
0x86bde95bcc8ec4a0b132ab0cc0cb6a6f0b7ea911,1125846;;;;;;;;;;;
0x9c7c951ef824f291d26a2dea946b5679c5eb5a3e,1124781;;;;;;;;;;;
0x0de2035e9619a137ba4ca77c89afc2c70954f2e9,1114943;;;;;;;;;;;
0x66c6ff0a4c4ec6b0a7d1b2eb86084477852b9035,1112716;;;;;;;;;;;
0xb863769e618825A4650BFb5ae8bF022bB92AD7E6,1111400;;;;;;;;;;;
0x603366922fd3f3b7dd753860f4ad333b12ee67db,1103707;;;;;;;;;;;
0x3c8ad92cf3c5b62c491afc5e4fac67df8dd756d0,1101024;;;;;;;;;;;
0x534dc5c0b39de89778aa9637fc7131913ad705ae,1098374;;;;;;;;;;;
0x2edfa8babcbe0ed922e617359e84c9174c13f32e,1094094;;;;;;;;;;;
0x464e526c098c9e0127481a46243af28df2722bc7,1088251;;;;;;;;;;;
0xa307e8a6a04d4c55c5bb5865cd5c7561c04aa53f,1086753;;;;;;;;;;;
0x4f6b26a51b25a329f6a0fc4c9f07dc05b1054f2f,1083800;;;;;;;;;;;
0x393837050855c2fd5a69b448a220b308de91b9f1,1041503;;;;;;;;;;;
0xf0b76f95515436ed4f8c2d0ddd5479a797b3e4ac,1031699;;;;;;;;;;;
0xaf25751e9d9e14efbd27ee272f9518d8a62709ce,1014775;;;;;;;;;;;
0x4c3363babb778eb9e54e67e8e259f3327f4151eb,1010862;;;;;;;;;;;
0xcc033b6c2039157d60d209f07573787bc258c1ea,1000886;;;;;;;;;;;
0x31b4261078c0c660b2d27bd3edd23ecdcdb4fe31,1000000;;;;;;;;;;;
0xac2b053ad3444bc7efa3477afc99735b4b956805,993368;;;;;;;;;;;
0xd24e5e5007acd736c293aa73452e84f41e6e70f7,964998;;;;;;;;;;;
0x0ea3a7ab61daeafa625156472f1822c3c9825009,961590;;;;;;;;;;;
0xc8756444eddfb1ce82b91ed01a3082a7e07e3668,950000;;;;;;;;;;;
0x71672795071af97a2ca7ff113514ed5359a7b015,942346;;;;;;;;;;;
0x5e2b55ef045a8e3295d7b4a02a8fe6ffea2bb301,933782;;;;;;;;;;;
0x9bcE7AA83d83cC1Df8D3702C0EB9BdbC05a40885,923075;;;;;;;;;;;
0x86345232efa4e876a485eff3857591ce9a255b55,920003;;;;;;;;;;;
0x3ca2a9be6706f03bb4e9106d8f12bfc264259970,903289;;;;;;;;;;;
0x60c99057b79951780ebff1f8710f7758153be1ba,902488;;;;;;;;;;;
0x815c7b609fbffff50627f41d4e5f8b60b76eacc9,902219;;;;;;;;;;;
0x126ae61ccea3201674270e377a9cdba1b793e831,887359;;;;;;;;;;;
0x886e9f88cf63a3371a61164b02ec97298958de6e,880000;;;;;;;;;;;
0x1a6b46ccb0e0b505f03438550468982890838f9a,873268;;;;;;;;;;;
0x9024673330fb8bd6fa02163f53e283367c710b93,850604;;;;;;;;;;;
0x6eebb8a4e72b5ebc8d5959bc6e4403ac037a5387,840571;;;;;;;;;;;
0x40f0049d904a7e4688ee55ce81b3e38511f77808,826251;;;;;;;;;;;
0xbcc37875c9370d56229508460b7b9696d500e76c,800972;;;;;;;;;;;
0xaef3ff366497c66366a33f92ac4cb229f330c367,799855;;;;;;;;;;;
0x92da0fc0a74dc0ae1a3703b2d48feaf88a666af3,789566;;;;;;;;;;;
0x774364862980D8fc4b3C6dE16fAEDC8ce24be089,784000;;;;;;;;;;;
0x0791bde651d4c1684e16346530326ee7940c9503,782059;;;;;;;;;;;
0xcfb4738813abc8d03c3e770458350ab8dc2450a4,781529;;;;;;;;;;;
0x5d19dca894033316d78fd73a9ef9c7aa4d3494cc,776312;;;;;;;;;;;
0x926697fc46469d1e54a9d432e51ec3d0c727c773,775386;;;;;;;;;;;
0x981672fd3d4a51d02e07cbf7c04902f90810c7d3,773348;;;;;;;;;;;
0xe419f895c6711b6035448ae6e4153791f6b4bb62,755844;;;;;;;;;;;
0xeb76D3cB72C63e3c3Bd12C9FD9318556c3B92e9C,750000;;;;;;;;;;;
0x4060a67ca6dd56fde01cdd78e10a4d8aa5b5026a,737952;;;;;;;;;;;
0x2503020cc7576b38cdaf0e7e7fda258e1d931d70,736385;;;;;;;;;;;
0xe3491652b9217703adad9bc6d014b1ac2071b175,734508;;;;;;;;;;;
0x81fa1fd389301e45b271ddcf21c46b556b17bb3e,715271;;;;;;;;;;;
0x83f720ab3de53a59014807113732dfed9fa47e01,700168;;;;;;;;;;;
0x2baede1c6c55d417186b7ddc77d12e842d16a928,688548;;;;;;;;;;;
0x5e31c84c80712c4f6987a08b9210ae09473776f8,683793;;;;;;;;;;;
0x2920a46cff73ab88b00707176ccc64757956136b,658299;;;;;;;;;;;
0xaa4f1043f342348a2c53ce180e0712ee13da00f3,655603;;;;;;;;;;;
0xad2fcef50e9e83ad2d16b9b590d7a276ba938b6a,644594;;;;;;;;;;;
0x46be662e84428310faa0efc8c5a57d545d274c98,639923;;;;;;;;;;;
0x55bd372b3f73a30108694d46204852376d8b1422,635338;;;;;;;;;;;
0x3dc2c167738f845676ba63772e11f974e8ecc270,630670;;;;;;;;;;;
0xd7084897134226e760fd4c4faea4efa365e5d95e,623085;;;;;;;;;;;
0x5ceebcabbd23b572e0d8816e59327cd617c74c0d,616986;;;;;;;;;;;
0xb053c5cca977fa20281bbade064cd13b5c9c13c0,591261;;;;;;;;;;;
0x31b9d33e966541c2adcd12ea04112f190363355e,587208;;;;;;;;;;;
0x9ea4fdfb4223e8a1b10357ac03d67b38ae9b17d4,582467;;;;;;;;;;;
0x3bcdb98bf56dbac362959b06c3bcd60f6fb0b3ac,580882;;;;;;;;;;;
0x76c467b9520a0477cf0dcadc186121f0840060ad,579009;;;;;;;;;;;
0x942b15e62fba72eb958c2382e9905ad9d7ae3b69,572089;;;;;;;;;;;
0x14786e1163c39bb80490d9a1c1c06b7eae734945,559513;;;;;;;;;;;
0xfe4aca004933ea5a5cffbbac50948f55c39e3c05,552774;;;;;;;;;;;
0x61a3f3c4f1f6f2720a85f5a5ca1737995c56f722,552066;;;;;;;;;;;
0x3d949130083fd5b2ae1b03638a5fadd75cf49ded,551869;;;;;;;;;;;
0x78addd53d7a572215d4db461669013664f4e519d,542162;;;;;;;;;;;
0x1b9c55bb6c557fe79de903adccceecce2dab77f7,540499;;;;;;;;;;;
0x56612ce9e2a83b39bc18e0b2919c7074f211701d,535787;;;;;;;;;;;
0x8f3ebcd4eb647b4ccc20a0928dcf366d4e001986,534101;;;;;;;;;;;
0x5566f9deb307cf5cc4f010914286c80b988719ed,529200;;;;;;;;;;;
0x7fcbf0ac3b5cb5fbb21dcf9d073dec06b06c0eeb,529026;;;;;;;;;;;
0x97b997fb7153b83eb54a7a458df04fcd44b074e8,528211;;;;;;;;;;;
0xf54d198e41198eed93b0898accf9bea8f861e4d4,525825;;;;;;;;;;;
0x1da890ead434ae3af3b6f44122dfc35523b534d1,515982;;;;;;;;;;;
0xdac19faf1a5b9e05f8736163a490f76cb31c5636,511748;;;;;;;;;;;
0xc4a3b34e6f2845a2119ae2b1396126b8674fde82,510000;;;;;;;;;;;
0xd779795fbe597f14201f4daf246adae270d830c1,506843;;;;;;;;;;;
0x9836758f8374c0f6758c9948310c399ba4612d59,504592;;;;;;;;;;;
0xdfb09c7f81b9671ee504d4494b47f2b3e8750b9b,500000;;;;;;;;;;;
0x2d473d426fdde5dd8c2469bcb5f4b9c9bcedc826,496776;;;;;;;;;;;
0x2bcc082257bf343e63d876192af045d01cf9970d,494453;;;;;;;;;;;
0xa85fb01ad5b36a544cc3aff184e33e59f3d3b409,489355;;;;;;;;;;;
0x10ac8429d4b9d38c54529f1c80f0433ac824189f,479771;;;;;;;;;;;
0x5184f715ba449367c55dd211a8968af42ae9517e,472659;;;;;;;;;;;
0xb56c0ea9a9ef85a56abc885a314987eaf0c44381,470694;;;;;;;;;;;
0x620edc063b2a7d24226c37f28502d4a0765f51bf,470565;;;;;;;;;;;
0x1a0ae150feb1923f77a200ae16a47646c986ab20,469820;;;;;;;;;;;
0xd92d0ebd3e296cf9217b7b3ee133c5fd8ac6793c,468494;;;;;;;;;;;
0xe5370a62f28469683b91c42b8dca5e0fd4505981,465878;;;;;;;;;;;
0x29488e5fd6bf9b3cc98a9d06a25204947cccbe4d,462113;;;;;;;;;;;
0xd79158084cbe58cb1edbf1580c5975334d5b8746,461298;;;;;;;;;;;
0x7007f65bc65690e35e7834f87c73c4efcfd76282,461216;;;;;;;;;;;
0xeb12bf755435df0c539995a57bfa873fdb1b7b0a,455690;;;;;;;;;;;
0xdec3c3502595702a213f29bca1114464fef3ee45,453015;;;;;;;;;;;
0x817913aeb3892ac977d42dbde228cb6b7a172115,447376;;;;;;;;;;;
0x000eca8393e005f19b4b79adf18b3fda8a014849,445666;;;;;;;;;;;
0xb8c26c460051ac7d8185a08c0029dc1ef6c0bde9,442521;;;;;;;;;;;
0x43c4749bb024a3eafe09dd089ae3233c53f4ebd4,440385;;;;;;;;;;;
0x1936f001cfe2675386416936bbe261f575439ed7,431939;;;;;;;;;;;
0x9f5444020b10b43c725e7cc141ef66df7250b8c5,429687;;;;;;;;;;;
0x053838d319117e8258cd0efb0abda80d1c54f544,428776;;;;;;;;;;;
0x5cacf0a09fce4567f24b03d1e2b589b4840e737d,426861;;;;;;;;;;;
0xe82efe9e90c06a8e5fb44465df0ce7d2211a4224,424657;;;;;;;;;;;
0xce97bfbf32ef831e9ba3d40cb771ceb74e631bb0,420915;;;;;;;;;;;
0x4a53db5f9c81c87fba2c54768d3189d400e5c5ad,411429;;;;;;;;;;;
0x530f0248bd3434e083904277917bb69d15befeff,407131;;;;;;;;;;;
0x9ca6688887572fbf2caf24b6a0958165418555a1,405695;;;;;;;;;;;
0x39274de8654febdd00aa09d2992b52d51f9e5c2f,403482;;;;;;;;;;;
0xb644a5e5bf98ee82430aece25d4159b77bed0fc2,401800;;;;;;;;;;;
0x8b9538639bde2e814275ad2e1127ea09a7ca472f,397614;;;;;;;;;;;
0xa7223d5eb7838dcc6998aec7e4cfe547f85b2a61,397166;;;;;;;;;;;
0x21118191ffff2c2a039f63bb74725f003d4bb896,386377;;;;;;;;;;;
0xaee720f06f1b93b7fed7c70c73001055a9ea8e5e,383771;;;;;;;;;;;
0xf661cd3941573a19a9b537b0ea8a41c50e2274eb,382129;;;;;;;;;;;
0x8b321146a100b78b558446627678c03cad2c7a9a,381780;;;;;;;;;;;
0x425d8adc6bfc08ee854d9a491d1aaaff18bddece,377093;;;;;;;;;;;
0x2cfb43fb6d518ec21a1fa0332d1cdfa4d0f47d75,372928;;;;;;;;;;;
0x8e1d08eeeeb3dc8707a1a40f0bbd15b908d19623,372410;;;;;;;;;;;
0x3d096dd552d04356331a17ef4f8351fccb01e94d,368030;;;;;;;;;;;
0x6c81e444c2d4fd9ec9f7c1fbb04be55893f9e49b,366543;;;;;;;;;;;
0x15c030b709d8a1764a8ea765a37f1623d0da34bb,363300;;;;;;;;;;;
0x9d3849aba8af9173c7e679a4d0c53acf276fca39,361593;;;;;;;;;;;
0x83d43adcec64eb9a1d076ace95f19fbdeb17c7a1,354332;;;;;;;;;;;
0x2518af73653945a827646a89f3525fd97ed32a0e,352928;;;;;;;;;;;
0xe193fe0b9b99a9d536d0c7101849eeca47e350ec,352254;;;;;;;;;;;
0xa887c13841e1906509dc69d123eb7bfd019ffa80,348133;;;;;;;;;;;
0xdec2e31435c2d60e8ed44777bd233806a1e6c3ea,345000;;;;;;;;;;;
0x7277e9586ab2b02c43491a27200539dec51b8de1,344300;;;;;;;;;;;
0xa1693987b56dc5ba9af1ef6082de9fef8913113e,342718;;;;;;;;;;;
0xe093d131d4be6aa4628ccb297bc9de011f3fb088,340263;;;;;;;;;;;
0x38f0cfcbd9202a6e96e3fcad2a26b847784960c5,338236;;;;;;;;;;;
0x5a6d36d69d29efc4a04ca8cd28be37d4280a15bd,325566;;;;;;;;;;;
0xebd77c0d1a9cb599d0d41b56e7f47bcd03cab3c3,324401;;;;;;;;;;;
0xa002ab80c6547948c37f41e8862ace5c456a9d2c,319941;;;;;;;;;;;
0xa997fbdc3e03ccab7861c7298938bdcc85f7b365,309728;;;;;;;;;;;
0xb0410d622ea66b4d668223ae6a70f1bac0a04322,307121;;;;;;;;;;;
0xe5e87bc303308dcb13234bd8854a045d4613aed1,303460;;;;;;;;;;;
0x9571d33487fec05163291fa02474599a28313a17,300871;;;;;;;;;;;
0x63d8e5ac258a2a4c4e126256b343fbd821982d81,300000;;;;;;;;;;;
0x48029df6ca91b99793f8f084b9695f6a1309e589,299955;;;;;;;;;;;
0x491fe1c91c4659d5cf365af847cf52dbe63f3240,294000;;;;;;;;;;;
0xd41a63affd4e3abf97da70b4f94ab329bf85bbe6,292121;;;;;;;;;;;
0xfa70a8152cad6d785fa48d2d7084efbdc6d1a3e9,287876;;;;;;;;;;;
0x253d92a5d1cc9cd20d7ef72718aa97d3fd95190e,279981;;;;;;;;;;;
0xc0869128b3e72b9a32d2f1e37fd0866220953a84,279749;;;;;;;;;;;
0xbed6eb8708365002901f9d04136741d5a8f9c51d,279618;;;;;;;;;;;
0xe8f4235e4cd0231aac098a9a155240bf54379a8c,273229;;;;;;;;;;;
0xe01f61bbf722e829cc3c0c36427aae1f6fa7fb12,270777;;;;;;;;;;;
0x7452bc4a9372316713bc0c1756bee225b2e682c4,270759;;;;;;;;;;;
0xc7df07ba00d49c64e8d327f4f84a25047dd9d409,270514;;;;;;;;;;;
0xc233ed64798d6779c1ba2cc61cdf48e40d629f5a,268921;;;;;;;;;;;
0xc0860a5e988ebff4e98ea4134353c0d13d824174,267619;;;;;;;;;;;
0x2776cf720564ea8edc8472aaa698c2eeb197686e,265071;;;;;;;;;;;
0x59c0f3fe28dc6bac84707439ff0d0a660172af24,262437;;;;;;;;;;;
0x93baa7853f41076569c29f601a37da36fa84d63e,261591;;;;;;;;;;;
0x4831973aa5777d7bfb4078fa7acdd277f8ef9a50,260734;;;;;;;;;;;
0x4ecfa5a29bdfc199d5270dd3e99142a62eeab43f,260314;;;;;;;;;;;
0xc4b18290f20cf8cfd516830b6b951d039cee27ef,258857;;;;;;;;;;;
0x73e6e0ac866d3f3181b8e5e1b9fd48c5cd01a3b4,257759;;;;;;;;;;;
0x8ac431a98d167a2924c1b8c9938ff6ae25c3b55c,257698;;;;;;;;;;;
0xf58ced6fe6751f666cf7ebd89b77e7ddb706d2eb,253408;;;;;;;;;;;
0x71389c60d655240f130dbf2ca4f9bf565ccd162b,250074;;;;;;;;;;;
0xc956950148d114615123400414a7d8bb60f3c559,247643;;;;;;;;;;;
0x725db04dee120d121a9c5eafec8f4bd93f32b7e5,246538;;;;;;;;;;;
0x01078583a574cf316d6c29d0ef347e83030f836b,245309;;;;;;;;;;;
0xd2bce95b5d1621e6fb708f52eee14c185fe4e93f,243497;;;;;;;;;;;
0x4d8471254c854c097269c23c86d996cbfe760faa,242496;;;;;;;;;;;
0xf268688ad85e67eb672a351e581c387dc992ef71,241420;;;;;;;;;;;
0x8931a9b60c8deae42e7287ae47f5cce6f2525880,235147;;;;;;;;;;;
0xdc4975fd8accdd7edf7064dc9d29944963dff5a9,234539;;;;;;;;;;;
0x4976a4a02f38326660d17bf34b431dc6e2eb2327,230270;;;;;;;;;;;
0x515608d192a838f5631245aded23a0601971bcf3,229997;;;;;;;;;;;
0xc1679261169b50b5307dc3ea27fe8ad127a107ba,229140;;;;;;;;;;;
0xf8df9b15d37d97bcddbb93615637f649bf46e3a3,228592;;;;;;;;;;;
0x152550003540fe02614472161178bf4f5dc82b90,227389;;;;;;;;;;;
0x93a2e6f18641f90da01d643a7ef575eeba6e011b,225133;;;;;;;;;;;
0x762b9c960d42f88a3d9bfd4b711e9ee74cb5310a,224185;;;;;;;;;;;
0x3e29c69d4f89aed88ed155887c603d6f0ed1c410,222775;;;;;;;;;;;
0xcf542ae4ef8ad72700a7327b8d27fdf2aca68912,222538;;;;;;;;;;;
0x13722b179274d193a423487f03ef8b4aeefd1927,221037;;;;;;;;;;;
0xed108fe166651824de44f1251e3bbb22462e9e0e,220564;;;;;;;;;;;
0x80cd165c5e722be8e1d98222cd39aa60402f102c,216833;;;;;;;;;;;
0xe839b2e436782ec0f52724e72b68d1c70cbc8f35,213095;;;;;;;;;;;
0x262505e6fc6a03b49a88f98ab9c354fd3ef1dd4f,212328;;;;;;;;;;;
0x8b65d06cd9dd6407afaf2ea3e79600924fe90160,212000;;;;;;;;;;;
0x25d3726efe64315af012881d012c3729ad2896b4,209720;;;;;;;;;;;
0xffda1527f89f95b6202ddb4093a0a56d72712e21,209500;;;;;;;;;;;
0x04e2690e45087336b7576a669432c0589c7ded0f,207473;;;;;;;;;;;
0xac696153e39d48f5c87277cf7b1a1684000d6889,205800;;;;;;;;;;;
0x86fb9001dc9229c63b4546e8f7ed0fc58638861d,203753;;;;;;;;;;;
0x136857dc364cea0682654ec29b41f5d35baac6a3,203180;;;;;;;;;;;
0x000a317f1ffd2d3a118c502bb91199b19287f89c,202512;;;;;;;;;;;
0xa427aa661e315efe092d527bd21e1500f3c47690,200055;;;;;;;;;;;
0xe8b84dff5d017aaf5b012447b0bbf4e0b9dfada0,200000;;;;;;;;;;;
0x17d48c56d550ab2adc7f7e53227bec91a519446a,200000;;;;;;;;;;;
0xae95fa7830a0c8c6afa08838a4a08f0b46c6cd53,200000;;;;;;;;;;;
0x8507ebd116892ec6d9ae8e1ee41db2f838675a2e,200000;;;;;;;;;;;
0xe3169be2a1c1ccb1d4f5961976c1be0d07e67a5a,200000;;;;;;;;;;;
0x80e5c9a3970ef444004bd83a913aba8b75b92f9e,199214;;;;;;;;;;;
0x951a8fea610a0ef94a0302859358ef3c8c854278,195707;;;;;;;;;;;
0xde218e97807cf9ce715b343ef167d75f538a6155,194893;;;;;;;;;;;
0x82d0330cb7aa4d12347109204416976530249829,192806;;;;;;;;;;;
0xeffb830f62ae798f4a17cbfd714e168716989058,192579;;;;;;;;;;;
0x498e0d2fc37e92fc2d7100c28f5853eba092cde2,191414;;;;;;;;;;;
0xfffd924f4861c467f275f5823a9094ebf5c8604a,189472;;;;;;;;;;;
0x818812ded49bc7ab9e9d1bbbe2a54d49f99a3c47,187707;;;;;;;;;;;
0x36ab6a43f9a096e6be20777293beb104c21018bf,186129;;;;;;;;;;;
0x21e4a66d167fe66e416b913f7090540f2e5f3465,185773;;;;;;;;;;;
0xfa85552ed7123d61c6351f4305c36b9b5c658172,184445;;;;;;;;;;;
0xcc8c9933e1e3e27a18eb7da90665589e3c99a8fc,180514;;;;;;;;;;;
0xe0fbbd2e652f7bef2a1372a62e83078358b1fbe6,178841;;;;;;;;;;;
0xc13435bb5af153c0ef2befa939f234f6b1782a0c,178183;;;;;;;;;;;
0x23914604a5a7763c89180a84c509a29e2bcf0be9,178138;;;;;;;;;;;
0x12541e2052962f9ee5349c90d45ae6aefdfd0fc5,177939;;;;;;;;;;;
0xd0fb830535af13b621e4bde0d952c15b29be6994,176890;;;;;;;;;;;
0x1f26fbb1687b9295899488ef7d08a288ad4bfd59,175742;;;;;;;;;;;
0x004f87c40d8f5b5dd3ba3e980cf3cab1608625a9,175559;;;;;;;;;;;
0x9a12da01f517b3af066beb181ffdf59707d3e817,174639;;;;;;;;;;;
0x9588eb8d7f82d82de887d687b14da42a66edb9ea,174606;;;;;;;;;;;
0x81E78770B4B511b9aAB10CE65763Ef63aa2EF022,174069;;;;;;;;;;;
0xc804e9ece5fad8f6be1a143e1140c73e1d127632,174050;;;;;;;;;;;
0xc0c1e42b8f7dda40b001bed141d190102affc7b8,173393;;;;;;;;;;;
0xb545108f3ee074de830a21e09c6b9cce87b43edb,172466;;;;;;;;;;;
0x41eeb1d16af2982b2c78da2afec84d7924ef28e8,172034;;;;;;;;;;;
0x7e383542ed61d78ea70fda8c236184be46036af7,167039;;;;;;;;;;;
0xb766b18fab2f1a9565d9b3305facbb0142a0cfe2,166214;;;;;;;;;;;
0xd4c18eb8a6dcdc78153fa721ff48311d6fdc996d,162950;;;;;;;;;;;
0x0b33458c349980070da721e30f4471c941b7ba4e,161581;;;;;;;;;;;
0xd8cd1d923369cfaafbdd8ce60f9539152dc8536c,160000;;;;;;;;;;;
0x33ba014bc719d1a04ac91136f007baf702247350,159468;;;;;;;;;;;
0x385d6832b91f9e697f98b920c3cfeace793cea03,156800;;;;;;;;;;;
0x441099f6b37e8699f8d95013954ee8f4f3abef2c,156800;;;;;;;;;;;
0xc9cc4cd4be47a2af4392f4d20ba739ea42a48f13,156716;;;;;;;;;;;
0x9581011f9683992bb656d589d24a49e547406661,156654;;;;;;;;;;;
0xe17996e0e8850347c9c52fa2aebcbec294afd4d5,154473;;;;;;;;;;;
0x86dade323876539d2f2fb03a415d2447cf6dd2eb,152933;;;;;;;;;;;
0xd7b1508d0822071567ae892bba4ff20f372762c6,152734;;;;;;;;;;;
0x7659e5b1a03a69613c242d872e5d183e3d7fef3e,151579;;;;;;;;;;;
0xf901f90b2332cb587b86e875c4a2e667649e4ffa,151375;;;;;;;;;;;
0x45ed4349085bd59038b4adf1e77a4543706aa6c0,151197;;;;;;;;;;;
0x0d2be96df7f49cecaede35bb790286258f316c1c,151158;;;;;;;;;;;
0xa3eccce6c1407a5a7b22a8715d1ec5ef178a1ff8,151047;;;;;;;;;;;
0x6550c96e55f38f35a302738edd8680ba1952ff4d,149940;;;;;;;;;;;
0xf135e63f06943dd52b30854ba4312368b66b3683,147571;;;;;;;;;;;
0xac1c51c08621fc84e10e9d246642d1c69833d810,147000;;;;;;;;;;;
0x7781eaa27d566f2559ffbbde4b66fb126576c7b8,146415;;;;;;;;;;;
0xcaa8769d14869b32f0dc5d16ef6f9bb03078b4b4,145789;;;;;;;;;;;
0x85370ea2a45e5e9af0c0ec95697b0dd53d4b8916,145660;;;;;;;;;;;
0xc574ae46870deb595b19ced709c7106422e15a16,145554;;;;;;;;;;;
0x4864e9a89ae5a49a1007f829303480ae0c39bb23,144244;;;;;;;;;;;
0x2fcdb17423e63fd9428734a3e298ff22b3004fc6,143268;;;;;;;;;;;
0xb226ecc400c74015b4abb4ad13c08c3f2b32bc99,143117;;;;;;;;;;;
0x18677585f024a5f93cf17808313168603f6dc8a4,142667;;;;;;;;;;;
0xe215e1fa971e796f42a1abf9772fd3dac524f53a,141438;;;;;;;;;;;
0x5a44e6ec4cf8d5cd911845640636b6b0774c3da7,140581;;;;;;;;;;;
0x2a6ea095f7a3ff89d0f1e88241d7d55402b3fdc2,140364;;;;;;;;;;;
0xb0a461f21feaa964925efc564165ea1ba177d8ab,140000;;;;;;;;;;;
0x6290dcd0ec1f4d5af3d172116ea7d80e298e98a7,139049;;;;;;;;;;;
0x639e5920c2771a31dabd34e34fa1886d8de9d447,138805;;;;;;;;;;;
0xb932099206989cd2bba6904c5b70abc80826234f,137690;;;;;;;;;;;
0xd9f6ea502e2c03405997e504d6fbd46a7fe01938,136594;;;;;;;;;;;
0x62297325ecff7e8ad929f98f3fc1c17a9fac07d7,135495;;;;;;;;;;;
0xe0ef25af96bb29bf17bc8a3c7a69cbf107b5caaf,135115;;;;;;;;;;;
0x8fac15c4273b4b5389d36f356acf77c26a8ec937,134663;;;;;;;;;;;
0x0a43da65a99e6314b1240a618f5557d5ffe18acd,134547;;;;;;;;;;;
0xef35bf7f9f266856140f4ce4c015df8deb38c012,133152;;;;;;;;;;;
0x31452a557174a2f2cdf6fab0fc0e74e79aeabf61,132502;;;;;;;;;;;
0xcca0b99198f12b6407602ea6a510a4f5bb2b6824,131580;;;;;;;;;;;
0x59333362bb830e32da981c9b98f7c7c45dbb86c9,130803;;;;;;;;;;;
0xe32226524906a3bc212d4bed6d32ce36ace6cd9f,129792;;;;;;;;;;;
0xfde2d13bb055fc6ad75182b6a60c04a468dcb46d,129659;;;;;;;;;;;
0x645774f985971fffb3eb1c45bad981c9a4cebf60,128281;;;;;;;;;;;
0xfe1518c1263a58f9260785e935fea0cf5abe5f83,126255;;;;;;;;;;;
0xe5b35021cbafbfe1dfe20b1cdda08d04deee94e3,125471;;;;;;;;;;;
0xc23c4e08ae17439d5caee72b448fd425a8d19a65,125298;;;;;;;;;;;
0xda26b96db7768a8ea81a83194172b4c623910ce8,125238;;;;;;;;;;;
0x3f55c0fe57b400f230e9e9a080b07fbed788f0e1,124976;;;;;;;;;;;
0x6018f9e788748d68a57e08c3515fefaecdd00b25,124681;;;;;;;;;;;
0x769fc6ce1ee652da56652d0d43f0f08333cbe846,124145;;;;;;;;;;;
0x6185f710dc5a0ebf8c8955047ab755b14467ef4e,123494;;;;;;;;;;;
0xab077c67c6ba61fa4f4ba1c24dc763a0d5228beb,123167;;;;;;;;;;;
0xc47ac84c1356028b2d9441cb84d28a3bd499d418,122317;;;;;;;;;;;
0xe72c4f6d0f49e51ddb9f9fd68ccc808731ebf973,122186;;;;;;;;;;;
0xffca1e49b0810a12ef83d0f4403e476521d5f729,121417;;;;;;;;;;;
0x08336c9b6994278dad22273b689dc9f80397e666,120630;;;;;;;;;;;
0x6324f7fe4acdb8958c23c0a93ec66a0f40c95572,120221;;;;;;;;;;;
0x17cb6f868470e2b80998370e0f007c2f183427bd,118977;;;;;;;;;;;
0x74d2d1a8d1483fbdbc7c4c90fd88bf1daea0b7d3,118923;;;;;;;;;;;
0x82795728De91346aD194Cf3D81a43dC6C477910C,117726;;;;;;;;;;;
0x7c8fd97747d61d9d4a315b70cf1f93dd0c85bbbe,116780;;;;;;;;;;;
0x291edd927d1cfee1b6b13a4fdd2da279b2278f10,116049;;;;;;;;;;;
0x90420012e38965a750b96c9738b1305f48486343,115657;;;;;;;;;;;
0x7155e946e44f00ad1274a78b840bb81180c16628,115199;;;;;;;;;;;
0xd5a4217da57559d53202d3a105d90fa3347e7b29,114693;;;;;;;;;;;
0x33fd26e051c0633b023fdbcc040816a70a9f48d6,114634;;;;;;;;;;;
0xc6509af9d242b0cd2e90b61debd5ee6a91021a4c,114436;;;;;;;;;;;
0x2fbd216dc1459950bc82d369a6234ee193ec93d3,113500;;;;;;;;;;;
0x78c20df66687d1d0348a1a674efbe3013c45c371,113456;;;;;;;;;;;
0xe476f0a6c0dd97ad9d69377e99467e65779aae22,113237;;;;;;;;;;;
0x0d00cc07c7abbbcdd4b3c2466caf42b8f3333572,112849;;;;;;;;;;;
0x75ad180625576f99cbfa47fad5b11d26ecc72e0f,112755;;;;;;;;;;;
0xd68e48f3999198e16f49b4418e412478e2beff33,112033;;;;;;;;;;;
0xfcf6ce6169bc764211743cc05eabcea74254936b,111850;;;;;;;;;;;
0x7e12f5ad3f81183134e54e4d4ff5808c2dafe5d9,111654;;;;;;;;;;;
0x0ad2eb77630f02c2abf9d90e4945ff1b080a85a3,111486;;;;;;;;;;;
0xc35ffda9cd27a15c37007ec65bcb37575a2b6747,110633;;;;;;;;;;;
0xb2d6bff5762cf3526f0a7ec3dfccf58aa916083c,109891;;;;;;;;;;;
0x1716a69b4cbe430a8668784eb125f3eb5f2cd6e9,109584;;;;;;;;;;;
0xa4cecf3a17469350f4f4e4eaa2ec1583bff67909,108904;;;;;;;;;;;
0x0F8Ec33924e29a5f0aaddbAeEe74AB2DA73E3016,107935;;;;;;;;;;;
0xfb95bd17137fe78a7fcff540f5494d42ceea0b33,107485;;;;;;;;;;;
0xd68bba15202eea545e772f461c88c68e9249bb90,107418;;;;;;;;;;;
0x7d15498ea1e49d688389d913c411f379b6433ef2,106994;;;;;;;;;;;
0x3671f4cb43695c1d461ef8a32bfcf89d1df708cf,106709;;;;;;;;;;;
0x4337c68f7dd8eee3944c6644c41a7dc22d3f0ac4,106682;;;;;;;;;;;
0x5b8e1336046d6b613ebb6cb299af42b4e2fb4dae,105388;;;;;;;;;;;
0xbcde2b6ca013221a03b0a4e5ce77b9bfaac7bbe1,104875;;;;;;;;;;;
0x588889735868dc44ca0ace7865e7d917931a54c2,104806;;;;;;;;;;;
0x06d5d3c72da05b2b03e6c59eb8529d956350d2a3,104523;;;;;;;;;;;
0x8180fb561dbca8c863384ac510bd9f96d0df9320,103880;;;;;;;;;;;
0x064f624a49b1796a3c3c71c82e402dfdb4d7b8ab,103788;;;;;;;;;;;
0x9286780524b00ad5262741e4c8075ea6554d824f,103775;;;;;;;;;;;
0x79aaa29295751f1cc350fda4a0b736de00f54b33,103753;;;;;;;;;;;
0xb5c4fb9ec9df6c3816b973057efada837d2d4adb,103615;;;;;;;;;;;
0x08a71425d495393dbf6cc96b271af43ee005c15e,103125;;;;;;;;;;;
0x517b6069d9d956be3cd08b4fe8035994cbbf18cf,103087;;;;;;;;;;;
0x296077f1b975874a06764858e610ffd591e53f08,102991;;;;;;;;;;;
0xf80ab16e094ce5edb412ab839f00097cf7a0973b,102821;;;;;;;;;;;
0x7cf7714f3e33bc538dcc432a3f2731e31aef69fc,102463;;;;;;;;;;;
0x4d9b06250b0202ae5eb20ba31f35635f1f413635,102059;;;;;;;;;;;
0xbb42767fbd1406e09213a06af8bef2ab676955c0,101002;;;;;;;;;;;
0x0eda056d9f93177d5c9df7dbe1eee350e11c23be,100933;;;;;;;;;;;
0xf292933dab982ea0b0482ec0c58acb7ba7bb2047,100637;;;;;;;;;;;
0xb5713fcdc4285e4d15b729c6695180184e38ed32,100272;;;;;;;;;;;
0xb419358d53c855f742b07717f8ced5aa063079a5,100000;;;;;;;;;;;
0x531b3265c81c52cbc5b45d451014ff3d9a8571a1,100000;;;;;;;;;;;
0x924c45f6d1b1485bf4788d7bc95cf1c81bfa937c,100000;;;;;;;;;;;
0x42bb0e32ba4823dea6868307f0823b7379ec70e9,99977;;;;;;;;;;;
0x2c75d5388cd23aa83cfa1308df89a5101f6a61c1,99941;;;;;;;;;;;
0x8e61e02a2c18b64e60b55e383d5195f96aa7155e,99642;;;;;;;;;;;
0x41040dd915b14325baf6a7d4abc36b4a6b5577c7,98827;;;;;;;;;;;
0x3a5549903e7686fdd13c6a4046ce391535dc98ee,98737;;;;;;;;;;;
0xebf029657a7ed3a53396cdbc4072d5f0c45b102d,98719;;;;;;;;;;;
0x68c19299a84885dcd526d5f49414967b6ff750fb,98250;;;;;;;;;;;
0xd8612610c70c35046cb369e96a0e65e5ccb12c5c,98000;;;;;;;;;;;
0xf45fd80424528aec4b56e4832553b34d70c10eb2,98000;;;;;;;;;;;
0xe63f68471ba974641bcb21a9241c85e25623892b,98000;;;;;;;;;;;
0x746b0f02612a4f251fd7b062b4ae657af7a8697a,96030;;;;;;;;;;;
0xe0da5dadb9e5056fe11d7a2508ff91e6cc7d536b,95725;;;;;;;;;;;
0x59ad81b60adbb80ee7b5c0e602e05390648986da,95716;;;;;;;;;;;
0x88b58790d0e28c2b01c793c7a3f943990e3921cf,95344;;;;;;;;;;;
0x77e4bc9acf828b0b97f39a2a819ad18ed907be00,94426;;;;;;;;;;;
0x78df0690f90799c0adf692ff62be1bbc5f9b061c,93691;;;;;;;;;;;
0x533b7b91e20f6e52e30e1e3965886b27814f53e6,93344;;;;;;;;;;;
0xbac515a962313f3a3dbe061a2c7601daabd297a3,92647;;;;;;;;;;;
0xc67dac85e29dbb077c50d52a44bda84d81acf9f5,91140;;;;;;;;;;;
0x2c16299481f5c8f2b0fdd6bc509b9aa86cf4a939,91037;;;;;;;;;;;
0x4f09c7eb505d98476b465e2506ecb0816eafaabe,90974;;;;;;;;;;;
0xe62aafc9f2e0ac1c6a6af60d9569e7493967effb,90303;;;;;;;;;;;
0x98ad41d315132e68bf9cfb8823a48118d852edad,90265;;;;;;;;;;;
0x9a9aa1d004c523bf6e2059ba7091c6addb446d28,89552;;;;;;;;;;;
0xba9e74b50055e692aa124d0aeaab792eeae5e323,89410;;;;;;;;;;;
0xa9e7d42685c4e52a5eec21f539d26617b8d88033,89241;;;;;;;;;;;
0x6859bc4bafd5ddb5c5228f895d0cfa64e96f8ac1,89206;;;;;;;;;;;
0xa2c4dbff2de06a34b0d4228a99e997de5ede97cc,88201;;;;;;;;;;;
0x3ab6e788e95aebea87edb70c711cd659b9ca8bf5,88200;;;;;;;;;;;
0x39f5af35b9a0045b15a9af596816c0ac2c3f8427,87763;;;;;;;;;;;
0x2c0612d7450f906e127b3f46cc72537aaf25a69b,87622;;;;;;;;;;;
0xc89c5eee8b5ea6c1f3e368cd988c0eb07418460d,87600;;;;;;;;;;;
0x011a3bdf5c6050aab2c11bee65b191c43077efee,87000;;;;;;;;;;;
0xf5f317642d340dabdaa9953078cb210fb06919dd,86546;;;;;;;;;;;
0x7d3bc3cbace63fc35eb146ba89e8e04b470371bd,85889;;;;;;;;;;;
0x8ea5e5c23c152ba113c7de02987bd47ff38f7556,85580;;;;;;;;;;;
0xd6df1d44c345076eb181a906919d1d993a8b0ba0,84643;;;;;;;;;;;
0x504fa8bc40eabb1a02b3d26eef4de558b4e2f041,84635;;;;;;;;;;;
0x762dbc4403f87533a09ec297bd46712999e08f56,84604;;;;;;;;;;;
0xe7c82a85cb92c8df8cc02f53124f45fbeb8b989c,84016;;;;;;;;;;;
0x51f751ba639551bfe6c4b5c094ca2273cd9205d3,83022;;;;;;;;;;;
0x9c97b37867f6777496c960daf277ce00beab634a,82863;;;;;;;;;;;
0x45e48c0a6fe8b759652624451c83387130c58367,82482;;;;;;;;;;;
0xf82f72555f4cdc564c55154c0ff13832feffedeb,82268;;;;;;;;;;;
0x9ced45eb68e25ff1a9534a13ddee83a15021a429,82098;;;;;;;;;;;
0xdf8b0c5308694b4d4c7fd64b7c9cd08a4bffed0f,81912;;;;;;;;;;;
0xa5e4c84b018da550693729ad203747d9b3e681bd,81420;;;;;;;;;;;
0x681e7cb7ea229d94fc578586fd19c50fb22b7f28,80786;;;;;;;;;;;
0x2e1566f1713340b9ea2c8b8231f0008a744eff2e,80388;;;;;;;;;;;
0x3399b1dd2f08e899446e38d10a921ec0144bd8f9,80266;;;;;;;;;;;
0x29854288a2a0e43caf511d5bb9d82d0f0c1a6afd,79335;;;;;;;;;;;
0xf83e5035e9da7dd06fd210217a8ad299660de0ec,78794;;;;;;;;;;;
0x6a93e6dcaa8d5d55ffc115b20c2a33265e634745,78756;;;;;;;;;;;
0xea634ccdb6e356ec3e49301292d3b4daff98f95e,78415;;;;;;;;;;;
0x020266fae9bc9434a9d6cede1f99e435a21d6089,77953;;;;;;;;;;;
0x56fe7b60dab7dfedee9ddf9a3d06c02ab409bef4,77890;;;;;;;;;;;
0x929c778d2888d240e3ae8174b693456057e6d2e9,77542;;;;;;;;;;;
0xe9b42214111a92b86e96803f9021865434bf86c3,77380;;;;;;;;;;;
0x1763bca2e52bcf063b53f1b385b47f91a7873c75,76440;;;;;;;;;;;
0xfcb7b95c3ee65b07f43027e75f3ee64452b9e93b,76342;;;;;;;;;;;
0x4d1e45f226db843eda607d497d0ef3c52c68677e,76078;;;;;;;;;;;
0x04e78f1e05d3ffbb6fc7ee57ba0bd52628478c6a,76000;;;;;;;;;;;
0xd878a2bc23cbdf6370ce4335787dd3dea136bbc7,75884;;;;;;;;;;;
0x8e8290326f755a128cfecf13fd7f554c89db878d,75064;;;;;;;;;;;
0xeec75ef57567ca88e7040cf6da494c79d0b1ebc6,75000;;;;;;;;;;;
0xd75dcd5984d817eb2299b30f86d9a259922440b9,74950;;;;;;;;;;;
0xb759983ccdd0ef782218ffe36d51094123eec955,74573;;;;;;;;;;;
0x47f0713ca3fad32020e6a0230d56a6d4cc0c9965,74422;;;;;;;;;;;
0x01565b644cbf221bffa958f5f55df6c14f0e21d7,74293;;;;;;;;;;;
0x553213728a19e7eb3c9010a834488420413c480a,74236;;;;;;;;;;;
0x50b1a254990099cf9494f2486686b2ed2d2780d2,73788;;;;;;;;;;;
0xf1960c6bd594aa4802303f1d781a0d1484fe432b,73652;;;;;;;;;;;
0x3a40855075d58ca3fcbd56440bdeb77d61b90a94,73616;;;;;;;;;;;
0xbcba573f39565bbcc6e4a3c68f956a1babb71b79,73056;;;;;;;;;;;
0xe5e7319cb690d7750df57a2ef35b42dc45b92619,72341;;;;;;;;;;;
0x007201290519a15bca2126a5dcfa89ce94d365f4,72086;;;;;;;;;;;
0xc47859bcd0ac28aa2be4e8073037da8ff0ea3231,71567;;;;;;;;;;;
0xc0508bb478f38c7b1d83831b0800e9edd21598e7,71450;;;;;;;;;;;
0x16bfcf00f4b312cad5ca23c3b92d96cd45cc1104,71213;;;;;;;;;;;
0x49e16e6738181440335c2b1c2b5f77232258e489,71148;;;;;;;;;;;
0x78ce6533fa6eb3b0d3879659095a1a3ddab1a0da,70966;;;;;;;;;;;
0xd49830d6c8e6c5b31ca50d4a8bd17f0b4ddb9dba,70847;;;;;;;;;;;
0x337ae8437aeab5167725e7e6fe02612d3859f826,70801;;;;;;;;;;;
0x6e41f7293218eedf82ed4c2d82b926671a7d77fe,70184;;;;;;;;;;;
0x14e4f8c0890d17fa7258de6553671dc63f38e6c3,70000;;;;;;;;;;;
0xc1879c1268289858d24130e29c1ee7cc8b2734e5,70000;;;;;;;;;;;
0x45f77007f69b506efb42fb60770f887b2fd8bba8,69353;;;;;;;;;;;
0x7dea27d7cbfa76e1cdfd2ea9385a90b9efb8de4d,69157;;;;;;;;;;;
0x33cb86f2472c96af8dcc4257013ab7735fb0ba86,68178;;;;;;;;;;;
0x857cb1f3568a9469bb12a453699db8598d21d1e4,67731;;;;;;;;;;;
0x674412c9038dc6891b8d8bc06d0185f4601192af,67662;;;;;;;;;;;
0xe424a96d8da036241578781a3d4d7e7625459ccf,67568;;;;;;;;;;;
0xe567900b15dae41579fbb665925bdb1e5217b8da,67561;;;;;;;;;;;
0x6a06233d524b81831113cd1829c90b71017878bc,67249;;;;;;;;;;;
0x187e5804f958a9873938a47102be2f39a8472dfa,67242;;;;;;;;;;;
0x385059836e41fadbca6b44348320786f2096efd8,65678;;;;;;;;;;;
0x035268bfb09d0b33a1543525be56ed0b8e2b60be,65583;;;;;;;;;;;
0x800a9a882a8fcc20a8247ecb796716f33af72f2e,65514;;;;;;;;;;;
0xdbd3b84feec70216721c575f9eb91b3c2354c00d,65407;;;;;;;;;;;
0xf42fd05496b2998fec74683776c95d779bbb5597,65032;;;;;;;;;;;
0xe8a5595407e02f783717914ca725290ed02ae8ad,65001;;;;;;;;;;;
0xd6a8e6f958ec9c41503ed218f99667f94eb7c6fc,64787;;;;;;;;;;;
0xf4c3e24b741755090d6a358650d986a86f312de4,64707;;;;;;;;;;;
0xbafe4a585ff8c1d2fac51f22f7c825f343ffa82f,64614;;;;;;;;;;;
0x714c6f5fa5810ce7bd2d08039590897451e2739c,64406;;;;;;;;;;;
0x13f05f2d95f1e0bcfd162d9ca9dbaa521016def2,64332;;;;;;;;;;;
0xe9b2f2d9b8bf2e98b5d99418b63f4e46ff4b2c23,64164;;;;;;;;;;;
0x3c1a354727dd0ae45f5133b625fe6b4fd7b9662e,64065;;;;;;;;;;;
0xbc029d7009be485dbe63d2aeff20eeecb7224f1f,63932;;;;;;;;;;;
0x38734782378637d60ca7bd2d167d931bfb19da0a,63896;;;;;;;;;;;
0xccf7363c8d1955ae423051b6e1750337928b3cb2,63818;;;;;;;;;;;
0xde992f38d40c66a714ce7e02879c1ffdc54bc48f,63655;;;;;;;;;;;
0x8703d2ce6064ce22200243d93f961e54e73d6517,63594;;;;;;;;;;;
0x3a21aa01f4d8e8bbfb480075746e116a227e88ed,63483;;;;;;;;;;;
0xca34d6e56d11be693dac6c8663c469855fc2c038,62913;;;;;;;;;;;
0x94f35353641af507932efedd055012a336503c08,62823;;;;;;;;;;;
0x04b41abd67994f74570d4ffeb0f0137da8e84eb3,62034;;;;;;;;;;;
0xba0628b54762079333f16ec32627c710e6e95347,61622;;;;;;;;;;;
0x7a8a33b4ec596186f864bc68db0632e640fffbbe,61472;;;;;;;;;;;
0x89ba9f7f0ebf11620e83d64eea7e1398e19131fd,61382;;;;;;;;;;;
0x76b23852c9d894c5e940227ba9e80dfbdf1656b1,61284;;;;;;;;;;;
0x38332bfd7dbee0356a8ec3083a73559203c784a9,61154;;;;;;;;;;;
0xe584bfd9417d25416bd307e4889ab8b4af8f8f2b,61092;;;;;;;;;;;
0xd53af4ddb42909d61d46b22e6dc8843cf8605850,60971;;;;;;;;;;;
0xd545466349d49b766db71c45cd1186a47e2d7706,60911;;;;;;;;;;;
0xdac17f958d2ee523a2206206994597c13d831ec7,60715;;;;;;;;;;;
0x17871e2712106417670f51b864254e4695b97bde,60636;;;;;;;;;;;
0x8b5e71730d4744d0872ca5d482e1e17949a7031c,60486;;;;;;;;;;;
0x3a75461edefea191ca18cb17663ffeb0d65cd3b8,60379;;;;;;;;;;;
0x84b411bb37a0e5c69fb74e2780cb4d23660f38fc,60349;;;;;;;;;;;
0xac629e1d5cc623dd4b29002a0d81a6815638fe83,60307;;;;;;;;;;;
0x6c8030f1c86822b463d846d686ce523a1535bc75,60090;;;;;;;;;;;
0x696cabd1501919c928ede80a10eaf36a09151b4a,60000;;;;;;;;;;;
0x9908bd1b195e971a4dc3a7b98d100d64e26590bc,59997;;;;;;;;;;;
0x5244e9ee0180563da6f68058f556edb880292647,59962;;;;;;;;;;;
0x5eb8378aedcfc217c86be762f1cb7b7ba517adec,59956;;;;;;;;;;;
0xe1ca12f6db2a454235811f6f0e10dff3ec932033,59920;;;;;;;;;;;
0x7b2bd9fca404239d59fe03664e4cf0c0fdea4052,59705;;;;;;;;;;;
0xc5399cfc64433b67edf0145fc82823e5798168ef,59441;;;;;;;;;;;
0x20a402094550e0713a4d7695a03f2bc143ade4f7,59052;;;;;;;;;;;
0x217006a9e4956deffb97af12b568c9e83a8f5ee7,58928;;;;;;;;;;;
0x3f5fcf7ca74b896cdbf45204c8d64fcc8f14f09e,57934;;;;;;;;;;;
0x27d258627177bbc625ff00d89c7c14caa9976013,57528;;;;;;;;;;;
0x5975da2a3ed5e8d765a1d079acc654acb541064d,57524;;;;;;;;;;;
0x6a23d98a54dcf0aed0f41bc12672267ecc6ae926,57335;;;;;;;;;;;
0x7b732fffa30440b0c372c6ab9c2736f36da3609b,57306;;;;;;;;;;;
0xc83e2e28c95898384720c2458bd9213cbef8cb38,57139;;;;;;;;;;;
0x614f2f35ad9d4600c689e26c523f2c23b6182a54,56316;;;;;;;;;;;
0xc421ec18e6164629157c14eadaaae6db093fc967,56185;;;;;;;;;;;
0x5d8a09ff41828b094899fd925420808cf961b422,55864;;;;;;;;;;;
0xd093d35ce34423e78c939ffca1473f2467c2c4ee,55663;;;;;;;;;;;
0xb5cffece59277e174ab977b979bed8f2245f45f3,55475;;;;;;;;;;;
0xc61c175fee03b3d0c6d30cd3da06bf8734a6d7bd,55323;;;;;;;;;;;
0x448a444230691010515570645e58e85e8a985082,55018;;;;;;;;;;;
0x423ab0e736794616bc391ae3ae60085c5f21aa24,54971;;;;;;;;;;;
0x4f82e73edb06d29ff62c91ec8f5ff06571bdeb29,54956;;;;;;;;;;;
0x210649b64c347b1e47169ea90d78112c4ae458ec,54666;;;;;;;;;;;
0x8e053ed88d7a11ab26baa89db213788bee575159,54277;;;;;;;;;;;
0xa73da0895679d8c8f39b6010ee2e32f4d814b839,53773;;;;;;;;;;;
0xb9983bd3228c476639ee372b588b8fd0b2a8926b,53509;;;;;;;;;;;
0xce674394f5445725ab8e3574de4528d426efe54b,53430;;;;;;;;;;;
0xfb3f75549c48e96a52f3e6d06706b3f27d04325f,53342;;;;;;;;;;;
0x57ac95f3ca1586107e9a36df527e7da6d1ca4dc9,52911;;;;;;;;;;;
0x5f99ba4c8b21d3be5dd625f9dd84073d531c9984,52657;;;;;;;;;;;
0x9d3ba048689a80e1c851b27d1631242bf77ca2d1,52615;;;;;;;;;;;
0xcf9d285d74455902ae96d51859dd3e0e77af2845,52271;;;;;;;;;;;
0x06e899ec098ec499002aebe43d79d1baa48ed0d3,52118;;;;;;;;;;;
0x3cc872dc2a61d377fa0264899d79853ff39b1c24,51723;;;;;;;;;;;
0x286527f16a06232aaf09ac9dadc98150d1da4a22,51227;;;;;;;;;;;
0x70f53350fa89dc49602a9293a8a6e8a6866e10e8,51095;;;;;;;;;;;
0x18223e8569e4225de09e3a1d4ed401fa2d0f9a08,51025;;;;;;;;;;;
0x6d28989ca931371a5561feb39c3fce1c924011ac,50862;;;;;;;;;;;
0x7a6cc457e37dcb6c4622d61713d731f306ca4528,50850;;;;;;;;;;;
0x379c98338990eb66d2f1764bb4e69b85214c2568,50817;;;;;;;;;;;
0xa478c80868ee5910ef116b4602e03afa37c61bad,50740;;;;;;;;;;;
0x17b9eeb438ad616b0df34a51a3d665018d56bb3c,50733;;;;;;;;;;;
0x5a27f4023db819c5a91fe1a13e19355f57258d6b,50649;;;;;;;;;;;
0xcb9341df068cbc08a350f9a8261bff17afb845ed,50315;;;;;;;;;;;
0x865a5950c82f9ace4f92c5488746e415e1ccaffc,50064;;;;;;;;;;;
0x0cd9498727eb21d484bbb63d14dc88d3c5c61547,50000;;;;;;;;;;;
0x6fac04de4b0f177784627356f176b4f911548a38,50000;;;;;;;;;;;
0x8aff07a77c81c5130a1c90b98e13946f861a4b86,50000;;;;;;;;;;;
0xbaf64752e6535cc52516c5152836e486844771b0,50000;;;;;;;;;;;
0xb5e117fe31aba394f3d4028067ce439e4bba4793,50000;;;;;;;;;;;
0x47034a4bc2ac9a4ea3d62578e32d8f63c71c7681,50000;;;;;;;;;;;
0x253d492c1ed3e930c30f3373e2c48c8a83d8da00,50000;;;;;;;;;;;
0xbd9927dc0ad0da4222201cb1a38b25330b49ca52,50000;;;;;;;;;;;
0xc8cae545aeebf1a93ad6fe8b2cf019040eb37f8f,50000;;;;;;;;;;;
0x7114499920c3a4a96f818cc8a99c649908b46acb,49915;;;;;;;;;;;
0x659c893df91b9c734c76e1ebe5976683834768f4,49757;;;;;;;;;;;
0x1235e89c155d7b47de32dbf82bfd63ced1c7508e,49636;;;;;;;;;;;
0xa4b7f221f274ad11fce0c71894a09deafca4b8bf,49000;;;;;;;;;;;
0xe75e86ee9782e70516c15d8514c7cc7b0bb8beaa,48777;;;;;;;;;;;
0x2d2c83ebc310a2b761d600a070bff8da4d423017,48719;;;;;;;;;;;
0xbd4439a305d40c4c298d60a551dfc00915fc3d0b,48676;;;;;;;;;;;
0x1b304ce02d0a46367e073a5bcd690ab8192428c9,48647;;;;;;;;;;;
0x0a3d39df48912f3199ccff561deb75adfa1358ae,48451;;;;;;;;;;;
0xfa096cafa44c39742dce6fa727a6b3f9545f5f29,48416;;;;;;;;;;;
0x242d3922fdcdc1d6195c3c3ccac79e274a5e35be,48001;;;;;;;;;;;
0x1a33fa917fb394422ffa0f800bdefdac4838363d,47736;;;;;;;;;;;
0x96aa20249c101bb8bef71d145ed79ae54c03ef61,47636;;;;;;;;;;;
0xa829c4969867e1c28b9161f71acbf17b90b31fb9,47620;;;;;;;;;;;
0x39c3d5cdd09a84899b5098f08dac9c89b62ab846,47076;;;;;;;;;;;
0xa95ce7b24c187770b0d0d741caa9ef8947facc12,46640;;;;;;;;;;;
0x35f1d314716c5dd7c1940bda1d846be45b1721a4,46048;;;;;;;;;;;
0xb82c2f383263e0c870229f23c69c633999cfc83d,45899;;;;;;;;;;;
0xb6bf5cd31e8409c969a4cf12a21fa1cba94c5c2f,45749;;;;;;;;;;;
0xa399848700e850644f2a2285e376186f3615d2cc,45486;;;;;;;;;;;
0x14a045163115fd26aec87b3ed14877109c870339,45439;;;;;;;;;;;
0x451f9357d8a7aa59339d4200b7c99692198c02c5,45428;;;;;;;;;;;
0x1d53a4fd0c23cb61174549248d87bb5d877ac39a,45395;;;;;;;;;;;
0xdcc79a37752999919ab384687cc5c22a3c848973,45202;;;;;;;;;;;
0x0d36c79860fa3ba8bd228d471d85464506036dd0,44958;;;;;;;;;;;
0x75abca13fe67919c5c6311de5f3bc9469fa138d1,44877;;;;;;;;;;;
0xc1c02991aa8944f510d119c6c5c683b1cf308ab9,44480;;;;;;;;;;;
0x2c31dc4fbf79ea01258ce786ea3e6cc54612554a,44393;;;;;;;;;;;
0x10eeb1575cad64a73453b91863f4d81886a68a02,44338;;;;;;;;;;;
0x3dcb8722ec36f862aecdb6576590a492ef2d8cf3,44000;;;;;;;;;;;
0xaa12fbd06493c855407546208cfd4a27b772b8bd,43549;;;;;;;;;;;
0x5bdfe038ff9ed660d0dbcccb4446ed6b043c8ef3,43407;;;;;;;;;;;
0xfd7521f0cb38f44bacdfc84228a5f7aab9d90be3,43383;;;;;;;;;;;
0xe031d7b2fe90c14d610f0f77f968a039bb76c9aa,43319;;;;;;;;;;;
0x3351bcd973917b59e0a1c03250be7c6efe66c449,43219;;;;;;;;;;;
0x1f158acf5f0afe3dc218dee7274496c0f9c26b14,42912;;;;;;;;;;;
0xb124ece464b5b41dae18f62fcd78b70cd068fcf2,42766;;;;;;;;;;;
0x79e1e1c22a2833ffa2fa3e39e965926befb5c5ca,42670;;;;;;;;;;;
0xb09ebc3ccfde499152c2d1fb423d4d83a9d6f2e6,42497;;;;;;;;;;;
0xe4ae1669c2c7c86c13c435800fff4599c3dbedbb,42412;;;;;;;;;;;
0x664b0240eaa5a303fbd0729e9b77e4d5944afb75,42326;;;;;;;;;;;
0xb668b7928b1d866d5b192b888b5543bdf575b463,41846;;;;;;;;;;;
0x827e795f2e2cbfae71667f097f7d7e0db88ee35f,41839;;;;;;;;;;;
0xa18896d64486927a18194d11ccd3739e98d9ec56,41820;;;;;;;;;;;
0x608eed2fcef7b6dcb494aef5746c1e712770be1e,41630;;;;;;;;;;;
0xa4e3d1be71e1ff77ec9eecffa4254631c06b4fc4,41485;;;;;;;;;;;
0xeedb3c9c1fe065e5df2fec0f112f3a6407dd4851,41171;;;;;;;;;;;
0x8ee25bd2ad6832436ba716e395c920d8336c34e0,41144;;;;;;;;;;;
0xca4b104552ffe6b1d2dcf70b0dc6286c1f6b32c9,41128;;;;;;;;;;;
0xdbac7428520403885d862d26d9547fd680247351,41064;;;;;;;;;;;
0xbacdc0ea17d8f9541f456efecfcfa4cf16720731,40789;;;;;;;;;;;
0xb7b2332934c1c395124017eeac4e4b73cc9e56b3,40709;;;;;;;;;;;
0x1a91afe8beb211bc22ef270f6bcf9ca4fb31cb80,40359;;;;;;;;;;;
0xbe21b8468ebf571fb771724c52f4b3410329c79e,40180;;;;;;;;;;;
0x466136a3df84ffe67e52755bd9bdf7cb3d32db43,40156;;;;;;;;;;;
0x7a28ec5b262c9714304a525cd0629f653ff8d31d,40007;;;;;;;;;;;
0x8d944d446c769456e2edf25c6867f59450249230,40000;;;;;;;;;;;
0x09d6b358f0d0ee872e6055e4a74c24cc736ee097,40000;;;;;;;;;;;
0x87f608333881ca0644b5cf11980e18feeed2ff8f,39989;;;;;;;;;;;
0x62ca220acc44af989fc5b659f8bc083c6dd2f3a4,39853;;;;;;;;;;;
0x866e1d86500b45bbd274a7dc95a194100ff03cb8,39828;;;;;;;;;;;
0x37f6f97093ee67b452ab70e566fe256b438c4276,39641;;;;;;;;;;;
0x30ca7c9a76f99c68bbb450eb64295491baae27cc,39576;;;;;;;;;;;
0x3c4717d829acc498e46122e69436a2698125d009,39478;;;;;;;;;;;
0xa3167d547fdb91e87b9ed4d1ca97bb58ef93a85c,39419;;;;;;;;;;;
0x70c9fb8739d402d330a389f2d79a12709cb04246,39414;;;;;;;;;;;
0x3e76b74b572106c17b60e275e847cab624b5504e,39300;;;;;;;;;;;
0xf3333fef3275ffccee1c66a3321114db78498bf0,39119;;;;;;;;;;;
0x60ec7168960fc037f612936a5cd5e87bc42a5a5e,39119;;;;;;;;;;;
0xfc04317a05023cd5d7e2e3c95110bac13b090421,38998;;;;;;;;;;;
0x6e8c0901d667b79528f69fea0307f9c1122eb47e,38868;;;;;;;;;;;
0xe9c67ef26f417c54b288879dd244754a76dc2a1a,38583;;;;;;;;;;;
0x72a6b910bbb6d631eb17398b771548182fb068a7,38556;;;;;;;;;;;
0xe9ab4d3a5b23220a78d2461ebc51609fa7a9dd01,38416;;;;;;;;;;;
0xfa431a531385cf92e26ab30acd089cd344688764,38127;;;;;;;;;;;
0x87deb324edac9e924149902c2f658258dedbf2be,38039;;;;;;;;;;;
0xa170a00a2524a7ce73bddf487238f324ec4f024e,37807;;;;;;;;;;;
0xe71dad1470909ba9c83b7766faaed95618e582a1,37680;;;;;;;;;;;
0x0daac331442096eeb2fe77d3c58da8e7054ba4cf,37536;;;;;;;;;;;
0x4730652487cec5e80c7206b3a16280f2e85afcd7,37463;;;;;;;;;;;
0xa914799d68866d22cde96a17f2ac225deedd1104,37376;;;;;;;;;;;
0x677de9213eea18ff751ebd774eb2335b5c01bde9,37360;;;;;;;;;;;
0x1ff27960963285bc843cf7ff2818ffa5e62a29a9,37265;;;;;;;;;;;
0x1b1f9f2e7fb8b2bb217520c4e7afaf2e7126d17b,37240;;;;;;;;;;;
0x00203ab8df25a085a6f817008319dbd7c1516f23,37240;;;;;;;;;;;
0xaba49573c8b3b6d7a311ad43b585ab81ea2cc1d8,36749;;;;;;;;;;;
0xcfcd11fb23dd0e4428bca0be62005fae91be474f,36741;;;;;;;;;;;
0x73a65dae3b798535d7c93a87e19103fd08f31f9d,36719;;;;;;;;;;;
0x416dd105f99c7ede48845e1306b4f5c0ef4519dc,36543;;;;;;;;;;;
0xb161b5e31a42b97714a5b02c66a55fdddfb048b8,36278;;;;;;;;;;;
0x786fcf0d4a39809b7bb7df91da0eb0c6f52252e2,36179;;;;;;;;;;;
0x47f3f3bac5a2619777054b793f1ec0aeb3d3ec0d,35827;;;;;;;;;;;
0x1514207d77444a62657c6b2b7f1d110d40701d72,35758;;;;;;;;;;;
0xcc6a9a8c8a35b7d95b734cc1b4b9b2d63faab4b3,35523;;;;;;;;;;;
0xe4982b6255661120859f8a8468a64e6f9937c793,35508;;;;;;;;;;;
0x674b7f64b2fc29d3d00c9a86af8ffa47a97aec8b,35247;;;;;;;;;;;
0x5cb2b197ef0b01f1e851046877ae9b023d4735a1,35198;;;;;;;;;;;
0xbbbf7f7eecd4a60226ac6217570a2e86af23dbc8,35171;;;;;;;;;;;
0x68322c4cc322dc17ccb4c5123655c619914915b5,35073;;;;;;;;;;;
0x8f21ebec97761a8b4f9fde5b42a22ed115df7ceb,34912;;;;;;;;;;;
0xbf66d6b1d7b87b0b44c9d3ee99e2b0a2d3fc5fc3,34791;;;;;;;;;;;
0x121c6e54229b5a4e6d862057abada2ebb550bb83,34732;;;;;;;;;;;
0x8dd50e1dbadd9f15bc1feedc10bd14a1521cb57a,34710;;;;;;;;;;;
0x1dacd764834c5e796faf37e6c4d464fca9424821,34584;;;;;;;;;;;
0x473f0ca2ca85852ce9e609f8f8cdf3252cbd483b,34521;;;;;;;;;;;
0x36de5aee3c041f9314d31045deb579535d3f4242,34309;;;;;;;;;;;
0x9521ceb86a3e5d28bda50c83ece1d271571fe6e7,34300;;;;;;;;;;;
0x2ad1be478f14ca57dfe1f57b5807daa100b24e98,34137;;;;;;;;;;;
0x364d03b173b9542cf43e7731f45114eaca98684d,33973;;;;;;;;;;;
0xd4fa8d0f9c77315ddedc1f4736be37510b1c0e51,33408;;;;;;;;;;;
0x9ee3af9aea410abe6505789655d23e588a165a5a,32998;;;;;;;;;;;
0x1493da6e9a7935ebd4764ac3f9921e46b2b50bf0,32955;;;;;;;;;;;
0x642135a84564c658e1225b51ebcce2bc7a5dd93a,32888;;;;;;;;;;;
0xd7e99e272b892a8fbaf252a5c456fdca614fc1b5,32803;;;;;;;;;;;
0xe035314d3e5c9a7738f7152c58682b3ea57cdda7,32792;;;;;;;;;;;
0x5a9312ccbe9d66e2239d8ce1d7aeb5c56b55d8fa,32790;;;;;;;;;;;
0xdfe888db0f3419fcda362772d8be9e52aa061069,32778;;;;;;;;;;;
0x1d5262e2426f8048d46dddc8da80b86a725f1509,32579;;;;;;;;;;;
0x5fbf566d41a9b534bcbfe4cd6517c0bed2d6f630,32537;;;;;;;;;;;
0x4e2236c9b943f66afe4abb21a56580450ba99cf6,32501;;;;;;;;;;;
0x68c66dd5523726b923631b7f871bd54df6b16478,32388;;;;;;;;;;;
0x412f10aad96fd78da6736387e2c84931ac20313f,32161;;;;;;;;;;;
0x0e8a10277151115b83d3309bd8f17c70f6bcaf5a,32018;;;;;;;;;;;
0xbff9084fe62b87d576a1b7815a373e38b8661a6d,31996;;;;;;;;;;;
0x9c572b9d11b8ef698fe7b8afe73f9a0ffb10f61b,31894;;;;;;;;;;;
0xfef947f12d534da0a3d137d32431353ec50a0a53,31876;;;;;;;;;;;
0xfa089f15e2c78ffef191b3cedc74b1a601963022,31851;;;;;;;;;;;
0xe111da4fb5f5bfd6aba5ccafc907e1e9631dc39d,31759;;;;;;;;;;;
0xe9d33fc1de870d2876d220b0d3ffee49554ba0c1,31668;;;;;;;;;;;
0x511ff28deec4b63e4bb528a494aa6d49205eddfb,31391;;;;;;;;;;;
0x101e9a7822f533a27b34082f8cc5f35bd06d311a,31375;;;;;;;;;;;
0xc7d3baa4c1cc1f783dd08ceafde62c63a68157c7,31197;;;;;;;;;;;
0x6e12a28086548b11dfcc20c75440e0b3c10721f5,31081;;;;;;;;;;;
0x4b47ad24729c1bbd5e24732ed69325948a356a9c,31046;;;;;;;;;;;
0x1724ab41c6bbdb8363320c68a3819736c7bdff98,31027;;;;;;;;;;;
0x6124f7cde2d9b1fb4012cd7e0b526b2aab3f1d90,31009;;;;;;;;;;;
0x105aa29fc2c17d161957fb3154fe754885fc5f3a,30755;;;;;;;;;;;
0xc2c8658e1024f7d58741d81e7524ec969e30a5a8,30728;;;;;;;;;;;
0xce3e197c0fa210fb05138099b417a04d8dedf638,30666;;;;;;;;;;;
0xd9f40ef6501415cbae16eb15d7c98cfbcc1eac9e,30579;;;;;;;;;;;
0x2c7d6221ebc287133682bc498033ab7a8b9f30be,30363;;;;;;;;;;;
0x4e7b57818e06af9b17ebbb21ce97e9e6e744b09c,30220;;;;;;;;;;;
0x95c2067de364fe15425c873eded060d02744e1bf,30075;;;;;;;;;;;
0x33a960e5c77431da3348ad60732477c6cd4441ef,30000;;;;;;;;;;;
0x7bade3e31e8bb61b0dc98a3d87d721928d306c07,29924;;;;;;;;;;;
0xeaefa5cc873533c41b71ffa64a32dcfb1d5134ef,29845;;;;;;;;;;;
0xea864b39ae32825b3a28b701a0e8904330c1b072,29828;;;;;;;;;;;
0x2f224b224bf60195865e7f10a96826c90798ddf8,29798;;;;;;;;;;;
0xcb30bab0c8aaade112b7101a080275a47826ead8,29634;;;;;;;;;;;
0xc1170872e053851012b2148cec12c885a6c15990,29400;;;;;;;;;;;
0x0892eea072a9e8711225967f6f0301557621cb55,29370;;;;;;;;;;;
0xd1c11738943ab77507b6b84e88f4270e9fe8afd2,29272;;;;;;;;;;;
0x776e6613d835e2cbe50c222eb1bb9f068924793f,29256;;;;;;;;;;;
0x14757d6b7be7114cb6917c4e761d89512cf44fcb,29174;;;;;;;;;;;
0xe09e3e278139c039850d6bc8e159573981f8c171,29144;;;;;;;;;;;
0x75c7c32f23a44bef96153c9d6e64a744ee7b63df,29110;;;;;;;;;;;
0xe4a6bb1c6e4150c87597f137c1b2c893a89fef3c,29069;;;;;;;;;;;
0x6b9202ec311287336d6063f03ad270a5fcf6eb1f,29054;;;;;;;;;;;
0x3cf6b72d13c656d859527da0d3569f58b4d703b5,29052;;;;;;;;;;;
0x6d743e2522e438b49bc275373f58cf56b04c689f,28713;;;;;;;;;;;
0xf3db2a224b2b2b0cd946b9e1149e201ca003621c,28712;;;;;;;;;;;
0x7465c42badd2ea38d9cb45cc621ac92a65a0d274,28677;;;;;;;;;;;
0x7f1f256bd0bfe79b391bc36b231f46982d1b04cb,28436;;;;;;;;;;;
0x58fd03f8eb9f51499dfc9e426ef8ebbe4b3ede3c,27991;;;;;;;;;;;
0x8000d6e8f18f1651189334e9ba9b32856e9fb9ac,27921;;;;;;;;;;;
0x135f0fe7ba8c5370863bcc079c62f43c900b6739,27760;;;;;;;;;;;
0x134d1ebd5b80f766c3bd5e5ecff21d26afab4512,27686;;;;;;;;;;;
0xf7255605df3e8327f3d6c94ce6124c6df94faca6,27669;;;;;;;;;;;
0x2abc45a1fff560b94c3daf1f392f9921cba38ae7,27532;;;;;;;;;;;
0xfac82d447ac374964bc3aad2f9c11e2743980488,27337;;;;;;;;;;;
0xf1faf908ab2388b8bbcca5b64c6db50a3be88266,27171;;;;;;;;;;;
0x509f75911f2749d2c54f7f57c3d1c90c8752cb87,27166;;;;;;;;;;;
0xafb6c376a77f97f65e2cc5255d20ff5acc16fe25,27003;;;;;;;;;;;
0xec3147f699b5503f831372409eeeff1780bd8cb2,26934;;;;;;;;;;;
0x9b760b3609f5d5642b06f1afba139c1999a91bf7,26916;;;;;;;;;;;
0x03cc3af394ba898a3e0f2cf1f83850393f60781e,26645;;;;;;;;;;;
0x9f73c7bf408c8b26bf03e105ea0a61ba3053f428,26522;;;;;;;;;;;
0x5c113157f064f54e824417de2e1f57eb2fcd2b17,26460;;;;;;;;;;;
0xc3bb8fc82cf0e5e3b5bdd752d1d265bef2f14b76,26138;;;;;;;;;;;
0xf148f779e2073a32a7b816c7a25e09fbaadd8fc6,26135;;;;;;;;;;;
0x17da4f3654149e560a1ab0c93a91ce7718825e33,26133;;;;;;;;;;;
0xad7124308cf22e126e9d7d3f6f4d0028577a2598,26010;;;;;;;;;;;
0x8a3f9da79fd25f3cc5890a451741289d79906dea,25937;;;;;;;;;;;
0xcc252f25892240ee5551fe7270eb93110937c44b,25893;;;;;;;;;;;
0x88e41a21856e70fe4af80a26bf6eb9841045d052,25776;;;;;;;;;;;
0xdb002c426aaad23bf55f646fb7b1aefd0150f70d,25750;;;;;;;;;;;
0x7e1e886862b8e6242c8bb72a4b3156e5d4323ad2,25641;;;;;;;;;;;
0xb144cf0f065237e39160fba80a305a476a18cc6f,25444;;;;;;;;;;;
0x255694fab886983e243b59938d8f744585aae853,25425;;;;;;;;;;;
0x0d541aeb0efaa25ffa91ee9758c65f647a7404ec,25413;;;;;;;;;;;
0x1a1a6cec5ac485a57972a639a212578ecdc039e2,25242;;;;;;;;;;;
0xb22f4720d97c6e58aded312bc06278bdd7349fda,25222;;;;;;;;;;;
0xd537413a3651fe87443526c38977b9ce86448696,25189;;;;;;;;;;;
0x6a3918cc11fe8c37097846c6eb5a0655d57e8a85,25185;;;;;;;;;;;
0xbab3ed1409c8cdf5d7708c781064f1a339806cee,25136;;;;;;;;;;;
0x1a7d7bd5410907c37199a7917dbfce7e38e4141a,25114;;;;;;;;;;;
0xaf5de5e0979f5b864c4aaa4b018ecd47a3773f48,25108;;;;;;;;;;;
0x83ac70f5a02b84bb94eeeadb9bee929bc9d617de,25050;;;;;;;;;;;
0x1b0a3598739e20558d4a92303c118e511230c363,24925;;;;;;;;;;;
0x11dbe50ad3de4efaa9566c3f3ba5c4b293839632,24820;;;;;;;;;;;
0x6f5bbb5e3aab13c2fbd429c1e390ba5b7e245db3,24756;;;;;;;;;;;
0x6224d48e01a5ad4fccaf8e7aa630b009a3039eae,24746;;;;;;;;;;;
0x9ce65b4d59800a298a8fbfe514fb24727a7f6ab7,24694;;;;;;;;;;;
0xf1c8d7337a2fbbd2fa3587903495bf30cf6198b2,24649;;;;;;;;;;;
0x0b1fd5c24bbed05c3618787c429eafcc57f294a5,24499;;;;;;;;;;;
0x62fe044996e44c1795c30ab387fc4dc248791520,24493;;;;;;;;;;;
0x583b355b7f33014d968864671385d80e16dd51d8,24402;;;;;;;;;;;
0x6302bb25ec7d844c6219cc355a9165c4c3f64323,24356;;;;;;;;;;;
0x4b413801c477978e66795a218208d03fd79fce4d,24308;;;;;;;;;;;
0x35ba260ced73d3d8a880bf6b0912edfb87bfa04c,24267;;;;;;;;;;;
0x7a1550207f8b7831584eaf604be97534d4c41b9c,23461;;;;;;;;;;;
0x58d1cfa5768b4bc5deab6b8992d51e9874a8d5e9,23375;;;;;;;;;;;
0x03efe1330671a84f8682c7a7b622e5c645058695,23215;;;;;;;;;;;
0xdf3a9a141c7b175ec1ef7fed8c3eeb0d4f6cba68,23163;;;;;;;;;;;
0xe46d859d9ae7fb4eb47ba37930707286165d2050,23148;;;;;;;;;;;
0xe4d9fef6b39288ff4ee75032a86bbbb268b101fa,23135;;;;;;;;;;;
0x28f804b1f50ca2262921ba0d96b9530d0d5d6672,23056;;;;;;;;;;;
0x41f36feec6d7a1bfc31e03fc920aca65e464070b,23041;;;;;;;;;;;
0xf964e152e523a8f7d137760ecf3b730c0d89467f,23028;;;;;;;;;;;
0xa82d71b738e91448bd1cd890d288ecf7da8168fa,22990;;;;;;;;;;;
0x84cf653842325832b510e4035fa2eaed954b4418,22905;;;;;;;;;;;
0x4c1e69d753d3f099ca234f995d6007e500f6a254,22752;;;;;;;;;;;
0x70bc608aa916b1fa5156a992e1f7a1c259f79e03,22704;;;;;;;;;;;
0x946dcde739b7e1036c3934f1d517ce1d65fe5bfb,22601;;;;;;;;;;;
0x2fb13f730983ec5845300f83baa266e3fe0042ec,22509;;;;;;;;;;;
0x3d6f02e121f11c023627c95991b51c4fdc47415f,22406;;;;;;;;;;;
0xad5a219672bb1995ff6492ae71bbb6304effc66a,22264;;;;;;;;;;;
0xc4e0302a9d840db3065210f65aad026e9d695c13,22247;;;;;;;;;;;
0xa587c3f31fac55c8fb10346f3e8b05ee0f96dd23,22232;;;;;;;;;;;
0xf1616f58bc0aa8d617af526229a8d79a2000291d,22131;;;;;;;;;;;
0xcfd41c4537f09ea3bebc0b4a7cae31ae2e550355,22120;;;;;;;;;;;
0xa5941aaec6f40687b62bfe3cd4dd50b50a301892,22070;;;;;;;;;;;
0x7fcb84a8155b70f8bf0657392b1bbe0887d81c51,22011;;;;;;;;;;;
0xe1b01dfb183e4dded50baf15c9a02f6601eba746,21941;;;;;;;;;;;
0xe3b75d4152e75f89826187bea81bb2af23705a06,21848;;;;;;;;;;;
0x500ce305f95a173cf023adcd6a2de65cd99c4d79,21826;;;;;;;;;;;
0x20a64346f35166ec242907939fd6c1e7e6395585,21801;;;;;;;;;;;
0xa963da92b5d41e539265104293013fb5c391b5da,21749;;;;;;;;;;;
0x34ba042827996821cffeb06477d48a2ff9474483,21455;;;;;;;;;;;
0xbbb90a82ef90aef443eab834dce82df95e78ef5a,21416;;;;;;;;;;;
0x7916b595c1b603eb44bc3b7677e2874e05e76eb6,21392;;;;;;;;;;;
0x54bdaa1d119ff0750264721b797dc246f2d4ce78,21090;;;;;;;;;;;
0xbe6356662735047659e80fb4ea8282f5d031b758,21029;;;;;;;;;;;
0x54ceb2516ee5b1e98c318023e6d0f4e3e2ae5a13,21007;;;;;;;;;;;
0x753208181ac3b22e7b963943b0a610fd6fdc0cc5,20919;;;;;;;;;;;
0x5a42a5cc512964015af8efe784a6ca7adc83e733,20904;;;;;;;;;;;
0x90118198795ad2d902826943d3dd4326fab84dd5,20891;;;;;;;;;;;
0x68e81f1efb1444aad786cbc9119e8f53d4b104f6,20843;;;;;;;;;;;
0xc5f5380fb9a03526bc256a5c8dfc845eb9ade311,20639;;;;;;;;;;;
0x8f66fcaddf66ec514ccc6a60806c18de1356fd60,20515;;;;;;;;;;;
0x671a1ac27121fe1eacc6353d7bee96b8b204d889,20478;;;;;;;;;;;
0xae78f07e15cfd1fb9fed5b7156708271188ad620,20460;;;;;;;;;;;
0xc2b7c152d88ddc08f7aa1b307799f4fcfab71d30,20387;;;;;;;;;;;
0x77ce087fefeb9d57db6f54005841c8b3442c91bc,20385;;;;;;;;;;;
0x5cd99e55f8efd4aa86173029ce52c083d0c36396,20221;;;;;;;;;;;
0xfd232db44b36e15a61f0ebdfdd69d4cc4094b7f5,20042;;;;;;;;;;;
0x8653f8b0ed76606cb8e9e281ca487cd348c2b49c,20002;;;;;;;;;;;
0x3352cdd7670141487bab8670c1690d9c84c11db3,20000;;;;;;;;;;;
0x2a9dfbea2ec7bb1c83a905517e0531336167ab68,19942;;;;;;;;;;;
0xff7e77e3f34269dd108e7b03b102ab4e75d18606,19927;;;;;;;;;;;
0xc958b4974e7caccde10d6d06c57dc2f1b91cb3bf,19913;;;;;;;;;;;
0x6b660a28cabf99720c5960a49cbfba138a17766a,19791;;;;;;;;;;;
0x7e03e4113df3ddc378c7212e159373e682b2dcec,19747;;;;;;;;;;;
0x6608341d79d6e608d61193c49eace9d39fb3e59f,19741;;;;;;;;;;;
0xfd490f791f4e10274913e65b744ac387d67f6948,19673;;;;;;;;;;;
0x3c5ca46d9dbb5026e0a66669c7d41bfb75d91465,19555;;;;;;;;;;;
0x1cfcb69a7f340f71e59900f643223be4f0e115bd,19551;;;;;;;;;;;
0x47fd0b9d7b306048146db783627589ab24f59204,19302;;;;;;;;;;;
0xf6c6b8127848ca5cc3756a594a77edbc1c14f228,19261;;;;;;;;;;;
0xa5885d707e987f45e6dd577bbd927c130c2b2326,19208;;;;;;;;;;;
0x2338013b9a978d0d3596eba4b3a213eac01bf17a,19168;;;;;;;;;;;
0xdc8ee7ddf0617d7893a296d09dda301512c9c1ce,19110;;;;;;;;;;;
0x35c654b47b204f597ad6967ff8fd827e107a2ebc,19051;;;;;;;;;;;
0xae98dfb9d414f65b11cb28b3f820e02fd2cfb081,18993;;;;;;;;;;;
0x1915d60a8fefe1fe4f795f92f7af263b11abcecf,18845;;;;;;;;;;;
0x60a27d62a2d55a51ad54da0b2f56374527f0c47f,18766;;;;;;;;;;;
0x4cd1e78fe55d344367111f4608ebc7efa966e5f8,18709;;;;;;;;;;;
0xe3505d0bf34d103887c677432d04f568d0a39758,18519;;;;;;;;;;;
0x43bac0423dca2ddae8307e2a82025a325edb9e9a,18506;;;;;;;;;;;
0x34153e5c0852ed6ef8985986822b1a5d80974f87,18390;;;;;;;;;;;
0xec013a7d01a40d9aecaa33603673c539c21c08b3,18387;;;;;;;;;;;
0x2d92f4988f585b1b4cb8f60a3929c941232bb439,18385;;;;;;;;;;;
0xaaf88375afcbaa15f86c869ea12cfe563192fe04,18262;;;;;;;;;;;
0xff65026ade6a0d66a010c999720ff0fa3c795f44,18241;;;;;;;;;;;
0x2ce4b2ef561fd12869f4ac7b201e01acbf2cb1a4,18178;;;;;;;;;;;
0xc1e61a2a2563225f6d474ade165502cfcf1607eb,18149;;;;;;;;;;;
0xfd683c6249cecc69cbb878e79c3f5a3c0b3cfd07,18031;;;;;;;;;;;
0x6c1c420c04f4d563d6588a97693af902b87be5f1,18020;;;;;;;;;;;
0xe11ffe755421a6a2fb0ce4a85403cb04eeae9367,18000;;;;;;;;;;;
0xb252b12e0205ddad89f52e5440c9f11ca7d5ee89,17917;;;;;;;;;;;
0x7113b1be3d1dbbd26dc6597dd7d907058a5b2e14,17850;;;;;;;;;;;
0xf98d4531489eb85e964c8f4e508c8ce2eda633ae,17796;;;;;;;;;;;
0x0c3e1183004598dfe7e3f7dc412d01debf763686,17782;;;;;;;;;;;
0xe84c719dba8279a12ec4e15e72914ca54539ea57,17700;;;;;;;;;;;
0xd5714f2f2fb098d9be0718745a33aed62cbdb06e,17678;;;;;;;;;;;
0x137b7d385699eb8f8d3d19be9ce35a2697bc32bc,17571;;;;;;;;;;;
0x68e6e4e6f27e97c605dcefc97825e66793277f85,17542;;;;;;;;;;;
0xc880752920c85804144b536eb8ffcc57a84e872f,17539;;;;;;;;;;;
0x7e2e3885cdb0ddabedfddf7be52e2dc56993256f,17463;;;;;;;;;;;
0x4f57537a262b1470edfa80263273eeb86905a8ba,17434;;;;;;;;;;;
0xd4e2cce675bdcb7fbaf98106f51bb1737bd05b7c,17401;;;;;;;;;;;
0x8d8f6ec44234d19f1ccdf4f74bf318cca5c18b44,17320;;;;;;;;;;;
0x36613296d104a6399476ead1effff6de032a7fe8,17300;;;;;;;;;;;
0xc547e1deb6625fe7845dcdfb8840be609fcf6e4d,17260;;;;;;;;;;;
0x6c112f78b9c044960f93de81d4d9e26ea70d27fe,17255;;;;;;;;;;;
0xd0dec102e59537e4b06073255d397914a3a1fb50,17204;;;;;;;;;;;
0x65e405ab80175860e19475fad3aadcfcad866777,17028;;;;;;;;;;;
0x9ddbc28dae3077b12bccdcbfbfd155b2b4af9403,17000;;;;;;;;;;;
0xc178c789a041576d426343313887476fa555cafb,16942;;;;;;;;;;;
0x3a70e8c00f3bcf3eb845b6b6928aba92b465c183,16850;;;;;;;;;;;
0x480f8f1d51f18ec78bac61e776b75dbaeccb1346,16709;;;;;;;;;;;
0x70a1868ba12b5b8925e3a4ad59330c44a4266fbd,16685;;;;;;;;;;;
0xd0cf28dcb59381cad748b6c9a2bd2647cef15310,16574;;;;;;;;;;;
0xd56966d3643f3ecccf3b5ccb5c1800c71492812c,16327;;;;;;;;;;;
0x4ede173d5730e87f7f53a7a3bd99ac942e75bade,16309;;;;;;;;;;;
0xc63a6c5ece7236def3f4e026c74c59154d30f7ff,16263;;;;;;;;;;;
0x9fc2e6b29282cb62408e1c92f4a6043d0e6cc732,16241;;;;;;;;;;;
0x820eb7f62cf58e7d59d5879c4080dda20f4ecb7d,16226;;;;;;;;;;;
0x160911821cc59a0b1a2196ccc9e7ee3a0eb158ed,16117;;;;;;;;;;;
0x7441f8e44c95b3b47175c300c9f01d2d530735fa,15936;;;;;;;;;;;
0x2159cc7f0a5bf91c7e2dc7ebaa71dffc03c2f714,15769;;;;;;;;;;;
0x5bf1330f68ab2448a146a200b82adb5e14312866,15755;;;;;;;;;;;
0xa4d67bb16497e59ea161dc390ffa0aed0df459b9,15656;;;;;;;;;;;
0x594f2e8c3b91802685ee9ebb47c3dcd522c0d3b3,15631;;;;;;;;;;;
0x19cc5b4f9a61bef0129e1bc7b9f58329561eb4fd,15599;;;;;;;;;;;
0x3b093a448b28a72f9572abe9afde159525d24e5f,15552;;;;;;;;;;;
0xcd09abbc71b64df1a046997cd5be4f568a2950bb,15530;;;;;;;;;;;
0x798b0e90bc30a6e8e68cedd91c21480663741fde,15387;;;;;;;;;;;
0xe1221b64d0ee2a25c2ad7d41527ad006a22b4057,15371;;;;;;;;;;;
0xd48d86ce914747bcc9e3a3e1b8cf07b38928b3a1,15234;;;;;;;;;;;
0xcfa81480bcfbd6fea821d142133fe7debb17544f,15230;;;;;;;;;;;
0xbc83912741633f603d10b215d8782d98eec4578e,15186;;;;;;;;;;;
0x1109aa9544e5f91f24aeac59b575b0c47fd53982,15159;;;;;;;;;;;
0xb4e2e608d2f99148f06cbb5ea07ad5194729db42,15041;;;;;;;;;;;
0xc39686c3c5dfca6bacdcb329e2e57a6d6f4b98be,15000;;;;;;;;;;;
0x0f205ee13881660d2017ad6887fc46cf5a3f189d,14982;;;;;;;;;;;
0xec1989d954142c264fc200e46b4a723224b65d2d,14970;;;;;;;;;;;
0x0a3f9f7d1b86a8109b00fcfe3c340e079f5b90dc,14964;;;;;;;;;;;
0x50f57bbe89a773374d6abcc7e2ba3f4d240a5a6a,14927;;;;;;;;;;;
0x257d0417a3b9558d33266a698d9649de32249deb,14916;;;;;;;;;;;
0x08d85e2d9bd04648fe957501dfc8bf1ac40f14c2,14819;;;;;;;;;;;
0x0a41ef55302f9dabaf9edcce2fcc27f5d0c93174,14695;;;;;;;;;;;
0xcb5532a4f38b4e8e9d4cef30e63c50f6f9bb6045,14554;;;;;;;;;;;
0x93cecd427d9c62f1f325d058af42ba3d8dcd6ff8,14479;;;;;;;;;;;
0x026044da5670061ee516257b8df6fdabf32eb8d8,14429;;;;;;;;;;;
0x177b4c1ec3c82b60ccd52caedd38aa4c73f5d748,14372;;;;;;;;;;;
0xe3589271ae6c81233eac01fbaba1bdc1f547d4eb,14358;;;;;;;;;;;
0x62fe7fd93dcaea0a5bc1350ad2eb95f57c1ac988,14320;;;;;;;;;;;
0x3d34d159bacbe2ab74aa97e936dcfa0f28e933c7,14256;;;;;;;;;;;
0x57d11afcfc5a0bf92345ee12dc174ccbd51ae872,14203;;;;;;;;;;;
0xc6c0cc6fe934a0c8ed926682ef9a5ee327564b3d,14156;;;;;;;;;;;
0x198f5b932ace278143068b0a3012d8036ad0bd65,13993;;;;;;;;;;;
0xf21b4266e0fa66ff69337938cb1df662fb0b3595,13985;;;;;;;;;;;
0x7eaf4a636a923e8ffdf0e7a2e834fe4b163ee885,13981;;;;;;;;;;;
0x6d77b7ff9e7bcd2658b7043a3ac6a0ebb36089e5,13956;;;;;;;;;;;
0xd095a32ada18845116e10c6675d231fad719f12c,13936;;;;;;;;;;;
0xf4971d7e9448ce6ff65ce023d28ff59d8c571f23,13808;;;;;;;;;;;
0x2641aa812814cdb281f63dac6829582c46d316dd,13805;;;;;;;;;;;
0x2cb0462ceb3d7dbfbef9f9c0725101e0022561de,13677;;;;;;;;;;;
0x21d0b7535420754b9a2f26ad49ed3313e78fd2ab,13629;;;;;;;;;;;
0x4e816f2efd5c1ec6fafdad913b7d42786722f775,13587;;;;;;;;;;;
0x5bfe8c5acc972ce2f546bc8f5c47a20a22a9a661,13570;;;;;;;;;;;
0x9242e923753d948b8bcb661d9592f7041cd28d5a,13422;;;;;;;;;;;
0x1948d1833047d8735d7b029df4db943b8dc39b2f,13405;;;;;;;;;;;
0x5952d6cab4ff122b34fba6e606eda9962d358d25,13350;;;;;;;;;;;
0x6232f6c9dccc56457f5fc9fc5577280dda4d0778,13305;;;;;;;;;;;
0xd99234ed35bde2f18a845de0658d3643132a72a8,13196;;;;;;;;;;;
0x8235728f6e9b65d48487e96098db4c169aacf4cd,13167;;;;;;;;;;;
0xd6f2af2f533ea46e71a172c691c8d16012e21a56,13167;;;;;;;;;;;
0xfd64df64505d351e6b3f98d6ced477a1c0fbd0b9,13162;;;;;;;;;;;
0xa5787c02d34f621fa38b9882b0f2eff9e67454af,13128;;;;;;;;;;;
0x11e535ebeea0870e98a21e905bbf5a9322fadec9,13115;;;;;;;;;;;
0x08b4dbc1b791e64f7664fd1f1377d86cbd42ad9a,13000;;;;;;;;;;;
0xecd8b2d61e3e5e97fac3d631b1de5ea8d03ee3b9,13000;;;;;;;;;;;
0x2305e8c256f8263047deef71093dedbaea7cc49e,12954;;;;;;;;;;;
0x43de7abcc3d5d0a12815e16b2caac7746e72a768,12846;;;;;;;;;;;
0x752e43d0b66daf5784049b3a99fb8c6dca9f81da,12807;;;;;;;;;;;
0x2e3528a19444cd7ad1bc336227b4d969fb4c871e,12800;;;;;;;;;;;
0x2104f154e7114dc46e329472492fdff47ef2f6b8,12789;;;;;;;;;;;
0x71c33f17c3fb2d58589f275ea41c2d57a77e3683,12720;;;;;;;;;;;
0x9be0be6d83fe4d0b254d19af9a137688e4adfb91,12693;;;;;;;;;;;
0x54914ef9cca1de2c35cba3e93c13593c474f7695,12683;;;;;;;;;;;
0x9f345b20af8cadf2790bc18b9cf2f2ffe543ebda,12655;;;;;;;;;;;
0x5b9974c3aa5726386378dafd5fccb4c4078308bb,12573;;;;;;;;;;;
0x65d533f65fcf76ddb312d09bbf60eca0fe602051,12564;;;;;;;;;;;
0x05822cdc95252f5356d2406d4fc834a676e2e0ec,12517;;;;;;;;;;;
0x51cded1381159d68666683dd2301fba666cfc31c,12509;;;;;;;;;;;
0x17427ee0ac5eacfc693c5035bb8901319b7188cb,12507;;;;;;;;;;;
0xc7afbe086d6c5d82fa64a004a366f1c5e2006514,12428;;;;;;;;;;;
0x93e3f6df83eec73e65dbea74a5e1efb230cf1b3c,12424;;;;;;;;;;;
0x2dc1882d3596d455ca3d1deb46052a1bd6dac650,12360;;;;;;;;;;;
0xa3ccff8056d505c7e42462ecf46b3249893a9c68,12253;;;;;;;;;;;
0x956a67229d9c67404dc98e8352a0f4389f1ed842,12246;;;;;;;;;;;
0x4b9b9072392781ad8db0882d2aaa0440c3ab2ebe,12217;;;;;;;;;;;
0xdc86545ec2061bf7a617e0ab5e1eafe6199de42d,12000;;;;;;;;;;;
0x511e41bd8a27d6b1669104ed484bab506c800053,11993;;;;;;;;;;;
0xbc91416344d38902943c8a9f4615c0c6133be645,11969;;;;;;;;;;;
0x1c26097cd6ccd022c16a9cb7a51c408f001f73e4,11931;;;;;;;;;;;
0x97002a7bc362ac92f74eaf7a7d7923d110ed5d2e,11908;;;;;;;;;;;
0x38c0d313c648a444524cacb49090ea8eb286de01,11904;;;;;;;;;;;
0x6b5a085b17cfeeb00ba7492c05d15e3525b74013,11848;;;;;;;;;;;
0x6bb78583889bf9380db2206e66e2dcd641fb1f39,11848;;;;;;;;;;;
0x656aff6693a7b5248e63dfc7fb826a1f8d759284,11832;;;;;;;;;;;
0x5958a643408731aaead0d90e285e014948e52b01,11752;;;;;;;;;;;
0x9c5b9d8b98ea6246406d2d69b0ee0f7e36f8e2d1,11724;;;;;;;;;;;
0x21f483dedb0b78260cda5c45b0cefda3e72f798f,11670;;;;;;;;;;;
0xdf6f7b327d88c41f719f9d1183540372e1714b89,11668;;;;;;;;;;;
0xda0c9c3344f823cae652d1aab80bd8ec413901eb,11608;;;;;;;;;;;
0x4783e6a8ab433065aa5aa5e1bc817b0adc36c48e,11598;;;;;;;;;;;
0xf6e9ca3876559b389c549925c86b5f02cdc8ea0f,11582;;;;;;;;;;;
0xa4e6d0b08f59cbcaf8f1ee04ca894d9c6b58340c,11577;;;;;;;;;;;
0x0fc23f0d69d6ac73771f564fa3026576e01ebae1,11551;;;;;;;;;;;
0x53aa0a4c48dc386fd6b15acab920e294aecd7f81,11460;;;;;;;;;;;
0x22e986ec4ada1547daae723a8cbbe52bf136263e,11308;;;;;;;;;;;
0xd6c99421999ce9de38f68b8e14a7babaf855a937,11294;;;;;;;;;;;
0xf9cc81eaedd305fbbd1170877cd097fd90134407,11291;;;;;;;;;;;
0xd1ac9f229981e7132c97f60c81aad82c26cc6fe1,11272;;;;;;;;;;;
0xff0d99df9d7bc28263d695d7a5fa9ba6de148d5b,11167;;;;;;;;;;;
0xc4827c4592698b6b244d445d76fe3f851535dcdb,10989;;;;;;;;;;;
0xc5898791ecfaf928562d1791e5577ad671c32017,10912;;;;;;;;;;;
0xc52baa61d2f5a3dd24f72c12987454ba14f2664e,10809;;;;;;;;;;;
0x2ee6b5b2b9b1aea4ac253e445bfecb35183536bd,10792;;;;;;;;;;;
0x0a9d2dc11b8b964b53bfd20fa3b4e84093d554d3,10734;;;;;;;;;;;
0x29ff1387c1833ec2842e229ecee910194729f22e,10714;;;;;;;;;;;
0x43360faadbe7078793de024e345a8edc31d9bd5f,10588;;;;;;;;;;;
0x7ea5e94a3318c2c97d6b5f6a9302934fbc8ae9a2,10568;;;;;;;;;;;
0xf4951377b4e63bbf3f804eb6914667d176f4b6b6,10552;;;;;;;;;;;
0x3ef45232e5159b1077a5e2f969b5bba9ddb82293,10552;;;;;;;;;;;
0x6f346799f3503358f4b78d930659eedf5b68e903,10513;;;;;;;;;;;
0x120ad0d74dcc6c01c7c3632e47d58b8add186eb6,10450;;;;;;;;;;;
0x8e1252cf992a291f0621e6b5cf9c825ffeb6ffee,10401;;;;;;;;;;;
0x9fe96b407506256ba4baaf52909a2fa244ac298b,10353;;;;;;;;;;;
0x0cbdabc4d7adf1451e89074cc5d75d7b10a45d11,10348;;;;;;;;;;;
0xa428edbedf040caaa0dfcca42822ab7cca18e441,10326;;;;;;;;;;;
0x1991a0480e629e79b5c9126fe21cefb54e5ba887,10280;;;;;;;;;;;
0x7d7de365c3126727b12ed7e0b83674bd010d7ed7,10243;;;;;;;;;;;
0x162e4be973e4c989b53de187f00e070fa42be0e3,10241;;;;;;;;;;;
0x073ac9b70c50bf1691bb62a2078342b7c2cca734,10226;;;;;;;;;;;
0x53ac866c7670ce68b09b16414b3b6e8626f223e9,10154;;;;;;;;;;;
0x59f58afe5932ac52ad00f1d9ca54a0db98137df1,10152;;;;;;;;;;;
0xc19cc90bf24a060839cc091479c8e0f8d5fa4fb2,10101;;;;;;;;;;;
0x486aaa9475af03c60498d715cc9d17805454c80e,10081;;;;;;;;;;;
0xfa7220610e8b27346f3d8609156fae1cc0b1f77d,10030;;;;;;;;;;;
0x21bc6b7b0ed13f542a68be8cbe9eccc955ed42cb,10000;;;;;;;;;;;
0xaa1bc29ddb66fdab8415778c37e2d5ac4fa16271,10000;;;;;;;;;;;
0x418abcf8bcb82488fb6f433f01039c4b916f944d,10000;;;;;;;;;;;
0xa33e1aca38b26b630fdf5b5d926003b7d518064b,10000;;;;;;;;;;;
0x150089dac86fe5a152e8323b435f96ece19ca1e4,10000;;;;;;;;;;;
0x6992762f7adbbf1aa38eb4d07ab856d0e2f5d881,10000;;;;;;;;;;;
0x76ae4bccd835c9a42648ce214c80ede923d2ab3f,9982;;;;;;;;;;;
0x9a934e88b5bab8cc715a4ab7e94f67551ae3709b,9962;;;;;;;;;;;
0xada262eb01334b79a610bbf8490351604049e2e5,9934;;;;;;;;;;;
0x3a64dda72ea97450bf630eec2edaa1f88f3245fa,9929;;;;;;;;;;;
0x3dedc0a299085df356146c98e7755c04acadb647,9866;;;;;;;;;;;
0x98b4592f20bad3c3334eb00d0a3b1b061016a31f,9801;;;;;;;;;;;
0xe50258deb8ba54f831194f831032421d976f6285,9800;;;;;;;;;;;
0x4fad93f0e89eef739c1f0f105554a4ff0341e041,9800;;;;;;;;;;;
0x9f24d0d38d06a30d6cbe7b2ef31051c2e4ab6c22,9702;;;;;;;;;;;
0xfc36f0724ae6b3e1d42461c416100f14e97afe50,9694;;;;;;;;;;;
0x9ce686775987d808a5df55a1d63b3936660b6cfe,9683;;;;;;;;;;;
0xc8108db5f336fcf0793a4565d735e0078307f05c,9633;;;;;;;;;;;
0x0925eb9794a8f3b21c946810021d598fa5003552,9609;;;;;;;;;;;
0x0c386423738742f0aaadb9de8b40407196f5655e,9591;;;;;;;;;;;
0x38d985739b0ae03d5964d75c01151fc738cdc1d3,9585;;;;;;;;;;;
0x2eb4b6545d3d5ec50ba1aeb05c8c79b5653f920c,9522;;;;;;;;;;;
0xf5359c2bf54ac69ced65df52827d6a3abacfb46e,9485;;;;;;;;;;;
0xc76f3d7eee24930d5e00f43348a12dc65277cc49,9374;;;;;;;;;;;
0xf1499c15b8791f976c31bb97925c52dd09bceaac,9366;;;;;;;;;;;
0xab15de1ccf6e9e512075372399deed8647aadaf0,9339;;;;;;;;;;;
0xcc27b12272339b8dd22fa5a12da5dae0608e336a,9250;;;;;;;;;;;
0x1486d35748eceafe1024a2b5c44ded6e6dce8c73,9204;;;;;;;;;;;
0x01716ac71f85736652e53dfcd69ce90607bd63e4,9162;;;;;;;;;;;
0x4add808dc237e0fcc2287059cfcf10dc3b0e1bbb,9153;;;;;;;;;;;
0x2cfad060ff9b6684fef347f1673fdb49bbaf69fc,9067;;;;;;;;;;;
0x3cdb407694b0b17905ebe9d33196ae377c2a65e3,9053;;;;;;;;;;;
0xfd07bded7e572d476c43f91749baaf42def7d702,9048;;;;;;;;;;;
0x3318a83799a14ef03a432f8ef3cfd7f9ad75e63c,8992;;;;;;;;;;;
0xaf7557f803248386cda429330c9857539d75aa61,8889;;;;;;;;;;;
0x5532f6027b5b55590d199677b514d5f3fa92c1f3,8871;;;;;;;;;;;
0x87f0db7c6d8754cf56f00269d8aefb3697a76f7a,8852;;;;;;;;;;;
0x35172808cd2e76138c4f5d09b786bd89567a62eb,8846;;;;;;;;;;;
0xed76cd1926021f780a218134f321445925a92b02,8717;;;;;;;;;;;
0x4a240bcd6366fbcef68fa0cf30d8ed1edf5248c3,8689;;;;;;;;;;;
0xe3428d71cce93f21762af32ecf795b767e198b4a,8568;;;;;;;;;;;
0x110b298919367078157ff83f9fe7f1a619adbf81,8496;;;;;;;;;;;
0x2a8ae60baec307c2f8d782b555f242d9651dac9a,8387;;;;;;;;;;;
0x3201affd08e1d0fb665c8fcb84efad8668923435,8332;;;;;;;;;;;
0x28b4ae4bb8e2a8b367ded38019e6f2b8e080da64,8306;;;;;;;;;;;
0x163bbb7056be57221a0d062812cfadd0c1c484f9,8280;;;;;;;;;;;
0x699ebc4a1190ceef363e4c68f252d7d927994a21,8171;;;;;;;;;;;
0x70e2c293f5d6ddc0115723d935bec697b83aaf47,8112;;;;;;;;;;;
0x46f0bcb7c4de5320aa76df711f2cee399ac9ef82,8042;;;;;;;;;;;
0x4cf985226da35aa7913e5691dfc3c88d35d58d02,8000;;;;;;;;;;;
0x84cf7fd6c3ebfe29cd8b825aea883a14a47bd11d,7840;;;;;;;;;;;
0x2c2a422e49cf188dffc419e362476bbec2b42555,7819;;;;;;;;;;;
0x808c1e44be78d04b13c77046a3bee290764825ea,7818;;;;;;;;;;;
0xe5b01821e35126ba4a74f4778e233d1b1854a742,7787;;;;;;;;;;;
0x771c79036dff70d570ab96c62e5bacec3d7ee33b,7736;;;;;;;;;;;
0x04600281d93692da1d232033bbe7bbf4947750b1,7730;;;;;;;;;;;
0x34bde96966fd48c85354d914b2fbac4abb504e07,7630;;;;;;;;;;;
0xbdc32c63fe42303dbdc2d89bef36870ac21e48b1,7468;;;;;;;;;;;
0x30e9ef54acfa61b5d840a078c15a325c937fa8c5,7401;;;;;;;;;;;
0x352a3666b27bb09aca7b4a71ed624429b7549551,7339;;;;;;;;;;;
0x080d80ade0e04d2db385931944e67029c3ef7a11,7261;;;;;;;;;;;
0xbe39a4d6d5cab948a855c394fd4560a6997a4138,7261;;;;;;;;;;;
0xa1952cc22aee50533b5ca60eb7c97fe735cb3aff,7241;;;;;;;;;;;
0x64dc6bf3afbad8588931cc7a1cf6143e71db7379,7234;;;;;;;;;;;
0x66b48c7cbf80568d6c414ee751e00c7c122d40bd,7196;;;;;;;;;;;
0x85b33743db2c95ea0c496c01a2f80e871a87145d,7130;;;;;;;;;;;
0x7b66162866067d1b0dd6537f0fac445ff7f56c86,7077;;;;;;;;;;;
0xc22e17d0f26630fecab2017d77755e99810f5b74,7063;;;;;;;;;;;
0xfc2657379e104d399ded7732e86d87cd43fa840e,7002;;;;;;;;;;;
0xc9da957946832de3041453c1880fe3625b15ae50,6978;;;;;;;;;;;
0x37a4b8861fae9b49abf1a8ce90a4073ac20023cd,6885;;;;;;;;;;;
0x8fd040ed7fa632a5b01a60cd1479914b914b994a,6829;;;;;;;;;;;
0xac365ba4c2e27ca6b1cfb908409f60eec82d44f9,6814;;;;;;;;;;;
0x0f8e79211c15559f4609abf666c6d402223af0d9,6802;;;;;;;;;;;
0xad27dd579ae6fb1b836db3ef5d1136be75c66d9b,6763;;;;;;;;;;;
0x86364ceebeb04ec9c58fbcfbf8dac8bdb0dc45a4,6742;;;;;;;;;;;
0x0b7e0eedf8f663f6715629cd1d339fd057eaa135,6677;;;;;;;;;;;
0x2936777fe26f6ef1a694983f7cf26b2e1f35404d,6559;;;;;;;;;;;
0x0fa5b3948d20d51e433ccaf09b50ebc3ddc4eeb7,6496;;;;;;;;;;;
0xf4d6ba507e13e91625eb3aeeb10674dde3c27653,6476;;;;;;;;;;;
0x0037b4405b433b6e005457975e7aad394c40f5bb,6454;;;;;;;;;;;
0xdd41eeb97299dc2731e7a47f49e9e6e362c10b1a,6411;;;;;;;;;;;
0xc99b3ef8efd7ee8ac2f67b12862f9704dbd230fa,6376;;;;;;;;;;;
0x85100af55d382250866d5eedf26ffc003cba5607,6268;;;;;;;;;;;
0x31661ab37b1d03901857ded84742fb2f8860a1a5,6243;;;;;;;;;;;
0x6dc2fa3e339cbdc2799de6e6b679e1ee2a1104ac,6213;;;;;;;;;;;
0xdf20d40482084af0a6898ba1ed6e02c528709166,6136;;;;;;;;;;;
0x540ddd28df83a68d3e2956131e6bb78a0396b29c,6133;;;;;;;;;;;
0x9b5e6b34f6d605b3d875a8a57964481e0b9b198f,6116;;;;;;;;;;;
0x49606894e83cce1bb0a4e57269d743793f723d57,6104;;;;;;;;;;;
0xeb576f36cc25372762946c9730f66deec7499a55,6091;;;;;;;;;;;
0x01b6963e1ed89169e17b7747b542090dee501096,6065;;;;;;;;;;;
0xe3382268800c2892f392741d6442ac9b73542087,6000;;;;;;;;;;;
0x9f989e9fded8cbab957a8d4227bf1e6cda4bff31,5954;;;;;;;;;;;
0x7e6514582513e541f12925cc276226b620b6634b,5892;;;;;;;;;;;
0x96a2a0b08ab983855b8d868c504eb5dfd392afbd,5856;;;;;;;;;;;
0x9d7d05c0c97d6109ad975e22aa6cb7f52169ca49,5853;;;;;;;;;;;
0x03c03bbd49ad0c4d7e8ce69fea80da43b135d6c9,5800;;;;;;;;;;;
0x2fc02d634b4e78352aecf388a65ecf902c028240,5779;;;;;;;;;;;
0x7ee6109110b1ff67aa6b65452d2d3f5e5583461b,5772;;;;;;;;;;;
0x47a89a8a14880127e0a3d8b59579c47efd8df420,5725;;;;;;;;;;;
0x07cbe7c4304da78c56e46d9a89ac5ae096903c20,5622;;;;;;;;;;;
0x25c14caf7a29a382a106a95f119fc1682014c102,5478;;;;;;;;;;;
0x439b546737a244ed176822fa7002ffbc33fa3e88,5357;;;;;;;;;;;
0xaf9ff5883d785fbb36bfb59d2f6fea07aef4cfd3,5344;;;;;;;;;;;
0x43934c5c689001cc1922d57f8e7757b1f315d177,5328;;;;;;;;;;;
0x281a8524859b5069026d26a91443d45595b97443,5225;;;;;;;;;;;
0xebe0913754433e174db51ed112b4e168a46eb5c9,5206;;;;;;;;;;;
0x6fca199b359e90398cc806f695992248bb6bcf47,5194;;;;;;;;;;;
0xfcaecb6130ec9fbc76fa8c81bbfa38d283b7da60,5070;;;;;;;;;;;
0xf4ae8a1bf867ddf4e3b2645da3f652e2328aee3c,5062;;;;;;;;;;;
0xbdf1a008f5dac6274897a9ae7d01f0fff5e733fe,5051;;;;;;;;;;;
0xfcb7b7cee311d292c98e5fabc14151a56c9e6b61,5033;;;;;;;;;;;
0x99e7251413c4f827a8bc9aeae10d8920d0a31231,5000;;;;;;;;;;;
0x5f889975c0b0a394a1a58b2968286708b8564bc8,5000;;;;;;;;;;;
0x7a7faac5fad9bc0734332b6bdb46e189645891c2,4994;;;;;;;;;;;
0xd53a2f1e15cd94cc2a7c02f6539fc3431c03a93d,4959;;;;;;;;;;;
0x0afad60569e227f812f937330da8c71f1d9b4124,4914;;;;;;;;;;;
0xbefe0ef743798f78097c9dba20d35924943ce0f4,4900;;;;;;;;;;;
0x7e8237f8983d6f2797c0cc373139b505ea9f5886,4900;;;;;;;;;;;
0x59bcb7a3be549763f173fa483b3a1f860de84cb3,4886;;;;;;;;;;;
0x647872173e943fbd35a3f77b141b974456b09548,4869;;;;;;;;;;;
0xf7a2be9a4dff7c4c6f59feed12095fa629dcd209,4813;;;;;;;;;;;
0x627f5c0410d0c7e1c684b912ed7bd3c78184e4b1,4785;;;;;;;;;;;
0x8ea5268b3b5ea132d7c966f3238ce703ce0c1884,4779;;;;;;;;;;;
0x7eb84018fb5f4e2a6ce2738b7cab70b7cc2c65dd,4507;;;;;;;;;;;
0xbc15a7d6d54a60cf8588db414cc73792205e9fe7,4417;;;;;;;;;;;
0x668a6d03d00a45d54cc05e8a53b81198da8020d1,4405;;;;;;;;;;;
0x20113e1e1cd9e40ef2481760c7ba158c9c9e91a6,4394;;;;;;;;;;;
0xb88ba1446a1b9f451505b86a68a973e7c3963847,4226;;;;;;;;;;;
0x79bbe5fa9fb8292cb3ccc9908af8f998c5331929,4182;;;;;;;;;;;
0xed4bb705bf5e93fd71055544bde0f22047ea7393,4181;;;;;;;;;;;
0xfa444f269ad9b65f512fef47bd98b6ead805eefc,4159;;;;;;;;;;;
0x6c98a7e24fb101a12ab8856102336ae3fe0d31ab,4142;;;;;;;;;;;
0xe77457a64b85407d1dcbf4986a1c4d352728cfce,4000;;;;;;;;;;;
0x5b56026b55fbfb85ae5a088ada63cd7de3300735,4000;;;;;;;;;;;
0x11b3a68cd44ef6894b8688ca5e4e68e49b4927b6,3920;;;;;;;;;;;
0x07c7915502dfdbe59ea720c6d883a741813548cb,3920;;;;;;;;;;;
0xef5133b22e4e5eda8eedcb37bae2f6ffe3697fbf,3906;;;;;;;;;;;
0x133251a2de87b48f896149d25fc3bf48b771e1e2,3902;;;;;;;;;;;
0xa6109a9a7f7bdc6752e2565faaf8003404d4035e,3882;;;;;;;;;;;
0x75c8841fe2b34c081929b67b5ea14fc72ead2718,3817;;;;;;;;;;;
0x50625294c4e4c8d6f2fa5e37c92c497bedeaa249,3804;;;;;;;;;;;
0xf2fc52f221f6a70e6601af362d23fe8871fb540a,3765;;;;;;;;;;;
0x279455f76b1d1af9762919fc69283e5fd2a14cdd,3690;;;;;;;;;;;
0xfbfed4c5f28dbb0ee75bc15db63e28f89287b056,3656;;;;;;;;;;;
0x5ff8d766bc2e45944df5a222b1efef9d4903f5c8,3651;;;;;;;;;;;
0x88717d427344716c65afc3d26289aafd7b3af96e,3510;;;;;;;;;;;
0x8c758e2dfaf1523a7e8d324d6be6f3844eb6d323,3485;;;;;;;;;;;
0x6a9634c19937b258ad5325d52360702849ce47e5,3468;;;;;;;;;;;
0xdd52f3aba2e2de495d1780ac316e4b99a0be6499,3467;;;;;;;;;;;
0x3bd564d6f5efe785038b906907c87a834cbf5bf5,3384;;;;;;;;;;;
0x8dea3831c33d2a0d4dee1ebc9a48527c279bb3be,3367;;;;;;;;;;;
0x36ce424a101878c689cbfb704fecb9489b9dd641,3353;;;;;;;;;;;
0xf0b29418d82bb0a8e2b42aa2a11f01c92c5478a3,3337;;;;;;;;;;;
0xd90dfc3a7a1bf46864e60b1ae58275ea692f9d30,3331;;;;;;;;;;;
0x20f4248457955a8891ba2fea834f7c718e2c9b6b,3285;;;;;;;;;;;
0x62c5dc7c8f33fb53982753bfd37f7965f17251fa,3276;;;;;;;;;;;
0xa36477422deda7292925287a737f89b9e090d0c4,3259;;;;;;;;;;;
0xf7fef05478a2a33973f581b0b4f61ce052c680e8,3221;;;;;;;;;;;
0xcd286ef507e10283d750f3affc07dd095b7d1986,3140;;;;;;;;;;;
0x5324f44484da80161bac5b223ff7bde79d6284cf,3040;;;;;;;;;;;
0xfe911e13109951b139ca443df948a6e93e64883e,3033;;;;;;;;;;;
0x73702af092da88aecedf128f2cefe2a1e80a2b26,3002;;;;;;;;;;;
0x9dd0b1dd362c8db533333141e4e8eb9949666bcc,3000;;;;;;;;;;;
0x795eb9bcbe15b03eef1af2800a342d1cdf014c45,3000;;;;;;;;;;;
0x1c4f32f11b166d6425fbdc5684bc2428d72daeab,2945;;;;;;;;;;;
0x1f41469e351206940c61e52f350fbb10f3cc0e0d,2846;;;;;;;;;;;
0x955e75103f2aebb6afc5e9371764a9a862f69476,2680;;;;;;;;;;;
0x1b91418b94a9516f1892ef3042a2f75d40a8a20d,2602;;;;;;;;;;;
0xc0babbd621a720a2f6dd26245b08f1ddafe1055e,2599;;;;;;;;;;;
0x9226286eaa0252e6fad096609b823c524958772d,2573;;;;;;;;;;;
0xf6f3a1b200a76f74f7192031039806fb961fb42f,2542;;;;;;;;;;;
0x4c2b7f7d26dbfca0bf4c5c24455b21ffddae1d08,2503;;;;;;;;;;;
0xef5c25cc6b237ac81d43fd2224bf3a96be455d69,2483;;;;;;;;;;;
0x165ee34747a5f9d0d98427080f8cd87fcb0c0c7b,2241;;;;;;;;;;;
0x6320bdd95d753a6d03ff9898d285ca396700d68c,2238;;;;;;;;;;;
0xd504f282cd20bff9f0e2b7d006771e3a81f6bdbd,2191;;;;;;;;;;;
0x8019c10ea89d08d9761b7c69f288c1ce00860368,2189;;;;;;;;;;;
0xf7dee54e0b5c5623eb6ba575558020ebd71258bd,2113;;;;;;;;;;;
0x7f2c61e6e81513870ea920b7ff29058d9f86c97d,2000;;;;;;;;;;;
0x1b0cd96eff0b1659af702a0ec3029f729452ecb6,2000;;;;;;;;;;;
0x470c5d9a633637ce810473874258f748f844b145,1980;;;;;;;;;;;
0x797da54bb6ea8640db7437df98f2d44ff6c8ee51,1966;;;;;;;;;;;
0x5ae0818c1a9944687e5ea880d0d896f84327ae92,1961;;;;;;;;;;;
0x1769774a9a0537353220aaf646b6da643f5b3c9d,1960;;;;;;;;;;;
0x12ddabf4f5a5efecc29beba2893eabffb543f944,1886;;;;;;;;;;;
0x64c0defbce4f638cacb872af9411fe7005fd73af,1769;;;;;;;;;;;
0x66f55c4f26d895114bde6f03d7346d7811920fb4,1689;;;;;;;;;;;
0xfb826a93e47e654872bd621caf096cdb4cdc4b79,1673;;;;;;;;;;;
0xc8815c3e4e78a2bf0765fd0255aad96b43a88a98,1652;;;;;;;;;;;
0x422fbe396b9567a8c60a229f0b7fe32880417193,1650;;;;;;;;;;;
0x25f90fd3cd19bb563e5371ef4d333e0173bb723d,1616;;;;;;;;;;;
0x26fc95f7892256caa1449a6cc292f8a4648216d5,1491;;;;;;;;;;;
0x57a8b0dbe0a75b89c25495b86bab20e4abcc2851,1489;;;;;;;;;;;
0xdcf074c143f5ee58671da788c26a066afbab4390,1361;;;;;;;;;;;
0x9067c238a4a2aff30f781bb446d87d359d2fc978,1357;;;;;;;;;;;
0x3ad045995afefe689f25e65b31c519830f908d2d,1352;;;;;;;;;;;
0x21f2a08f415bb213d9c1773d2cdb90ac2bba7909,1329;;;;;;;;;;;
0x054a25a8efea80da5debd2eaeb30dc8b918ef43c,1319;;;;;;;;;;;
0x5bb6f18f91026ee079a1c83c2cb9ebf5f081e222,1300;;;;;;;;;;;
0x13bc74e412fb20cbfec6f3bdea54e00b8352c55b,1282;;;;;;;;;;;
0x593d6a7a60a83733794f36ee27bf6207e91da0b4,1270;;;;;;;;;;;
0x8a76f831d5d49097f704f229a12b0be9a71eba28,1209;;;;;;;;;;;
0x640a9c18ae2b43183cdfa6c28328f43484cdbf83,1204;;;;;;;;;;;
0x120de5ce5200d93791958af7dbd6f578445a4b43,1152;;;;;;;;;;;
0x163d5d161c9019e609881264dab7bf98326bc8d3,1129;;;;;;;;;;;
0x675ba622e619fd26dcfbc0f076fa4f5c4451e00a,1119;;;;;;;;;;;
0x4e063d312715e099dede760472af4aee0259a0de,1077;;;;;;;;;;;
0xbafbf75b853d87fbffa54e61e056fa6eef86da19,1075;;;;;;;;;;;
0x2e9c76aab6e6ac7b7e31d22761b6a6fa534da799,1050;;;;;;;;;;;
0x97a19880cc0162abe19f3746a31e28a628821d3a,1028;;;;;;;;;;;
0x970b42d918ecb29b0960c30bdcf9b22ed4902e66,1000;;;;;;;;;;;
0xa331533e2f0a28e0ab119dd6ee943b378b677a31,1000;;;;;;;;;;;
0x0b41078fe96ad555b13eed39f30d2c7d264fdaf5,1000;;;;;;;;;;;
0x0dE2035E9619A137BA4cA77c89AFC2C70954F2e9,100;;;;;;;;;;;
0xAc2231Fc78AaE27420dF88e350FF726F1a649b61,3940;;;;;;;;;;;
0xa73DA0895679D8c8F39B6010Ee2e32f4d814B839,17580;;;;;;;;;;;
0x0aA7cE6106E50bd090f1e2189593385eCe1f4cE6,17731;;;;;;;;;;;
0x161261D87487c7BeD5C1D2255f350285cB01e499,23979;;;;;;;;;;;
0x5c9e3c190B0dF441D60a7252392DA230fC61dD45,33173;;;;;;;;;;;
0xBd9927dc0ad0Da4222201Cb1A38b25330b49cA52,51566;;;;;;;;;;;
0x35172808Cd2E76138C4F5D09b786BD89567a62EB,55955;;;;;;;;;;;
0x68c19299A84885dCD526d5f49414967B6Ff750fB,63790;;;;;;;;;;;
0x2A716799Cf327A46885a454dC1f8C401338BC743,65050;;;;;;;;;;;
0xd3eA396bAD36bAf198Da60B82901EcF047076653,73638;;;;;;;;;;;
0x048Df43F53C8e0A36d3B26570be59d460Bf45e0F,100000;;;;;;;;;;;
0xa9315d7a538f4847A1E591a9a8839ccDbFc4169f,100000;;;;;;;;;;;
0xE01F61BBf722e829cC3c0C36427aAe1F6fa7FB12,100000;;;;;;;;;;;
0x6Bf96e6Bf46e7c9780A433B82A6CCa17F54463b1,101510;;;;;;;;;;;
0xA997fbdc3e03cCAB7861c7298938BDCc85F7B365,108260;;;;;;;;;;;
0x9024673330Fb8Bd6fA02163f53E283367C710b93,200000;;;;;;;;;;;
0x8E8290326f755a128cfEcf13fD7F554c89db878d,200000;;;;;;;;;;;
0xE62aafC9f2E0AC1c6A6aF60d9569e7493967EFfB,237681;;;;;;;;;;;
0x7277E9586ab2B02c43491A27200539Dec51b8De1,280000;;;;;;;;;;;
0x9B3A6a88bdDF284fb9CeF77D094Fc0001d66B23f,288076;;;;;;;;;;;
0xc0869128B3E72B9a32d2F1e37FD0866220953A84,300000;;;;;;;;;;;
0xC3bb8fc82Cf0e5E3b5BdD752D1d265bEF2f14B76,300000;;;;;;;;;;;
0x8fAc15c4273B4b5389D36F356ACf77C26A8Ec937,300000;;;;;;;;;;;
0xB56c0eA9A9EF85A56ABc885a314987eAf0c44381,312864;;;;;;;;;;;
0x18677585f024A5f93Cf17808313168603f6Dc8a4,334093;;;;;;;;;;;
0xfB9c218a51d01ea77DBF14Cee60cCf8084Fd5894,343853;;;;;;;;;;;
0xD8Ea21a17B0705e6b8D50eFe184205BD90ef0D53,425579;;;;;;;;;;;
0x9571d33487fEc05163291Fa02474599a28313A17,439160;;;;;;;;;;;
0x6e41f7293218EEDF82eD4C2D82B926671a7D77Fe,492661;;;;;;;;;;;
0xd7084897134226E760fD4c4faEa4EFA365e5d95e,623085;;;;;;;;;;;
0x3CF0D7198013aF733790f699Fbeb9390Ad877c0C,707104;;;;;;;;;;;
0x379C98338990EB66d2F1764BB4E69B85214C2568,888077;;;;;;;;;;;
0x118a86fBDdF3F66BCa0789C9f540E994d46f6E99,1000000;;;;;;;;;;;
0xC4A3b34E6F2845A2119AE2b1396126b8674fde82,1000000;;;;;;;;;;;
0xdc4975fD8accdD7EdF7064Dc9d29944963DfF5A9,1000000;;;;;;;;;;;
0x0c42AD3ab4402A825C480BD5f4411c8229c5877f,1100000;;;;;;;;;;;
0x81E78770B4B511b9aAB10CE65763Ef63aa2EF022,1118286;;;;;;;;;;;
0x3D096Dd552d04356331a17Ef4F8351fCCB01e94d,1320613;;;;;;;;;;;
0xdFdE8e1FbeddeEd84c04F94a8042e6316A4f5f56,2000000;;;;;;;;;;;
0x722dA4C253f44a7cbb795d23e0117084cda1EdeB,2000000;;;;;;;;;;;
0x1a0AE150FEb1923f77A200AE16A47646C986Ab20,2000000;;;;;;;;;;;
0x209C459fab4Ad7B020f6f2407F75559d1cA2f449,2035611;;;;;;;;;;;
0x000A317f1ffd2D3A118C502bB91199B19287F89c,2906388;;;;;;;;;;;
0x4B4157F647714F7301BfDF995D6d2c16ae77a3a4,3000000;;;;;;;;;;;
0x1ce56BF95ef1bAf8C155c04821717f0C2077B2bb,3232539;;;;;;;;;;;
0x52EcD990209b24C427F744DE4DD7ABfDC36264ca,3500000;;;;;;;;;;;
0x51060F433795756BfEfD0f9781523C7618b44772,3981861;;;;;;;;;;;
0xCfcd11Fb23dD0E4428BCa0bE62005FAe91be474F,8442768;;;;;;;;;;;
0xB3e00cB4Ed13bbf09629FB32dB6745fD43a60FEB,10000000;;;;;;;;;;;
0xd94d724e0a4cded48c526aa539dAc0ABA5772c12,10036224;;;;;;;;;;;
0xE75E86Ee9782E70516c15D8514C7cC7b0bB8BEaA,10556757;;;;;;;;;;;
0x56e99bAedd33C32d3917b63200F8865Cfa81A3c2,15000000;;;;;;;;;;;
0x8e8dF192bb0274c4A6435E9A44ED692EDd83A60F,16000000;;;;;;;;;;;
0x03efE1330671a84f8682c7a7B622e5c645058695,66000000;;;;;;;;;;;
